Time,Dun Laoghaire @ Peoples Park Pedestrian,Dun Laoghaire @ Peoples Park Peds IN,Dun Laoghaire @ Peoples Park Peds OUT,Dun Laoghaire @ Seapoint Beach Pedestrian,Dun Laoghaire @ Seapoint Beach Peds IN,Dun Laoghaire @ Seapoint Beach Peds OUT,Dun Laoghaire @ York Road Pedestrian,Dun Laoghaire @ York Road Peds IN,Dun Laoghaire @ York Road Peds OUT,Glenageary Pedestrian,Glenageary Peds IN,Glenageary Peds OUT,Rock Road Park - New Counter Pedestrian,Rock Road Park - New Counter Peds IN,Rock Road Park - New Counter Peds OUT,Wyattville Rd At Park Gates Pedestrian,Wyattville Rd At Park Gates Peds IN,Wyattville Rd At Park Gates Peds OUT,Wyattville Road At Steps Pedestrian,Wyattville Road At Steps Peds IN,Wyattville Road At Steps Peds OUT
"Nov 15, 2010 12:00 AM",,,,,,,,,,0,0,0,,,,,,,,,
"Nov 15, 2010 1:00 AM",,,,,,,,,,0,0,0,,,,,,,,,
"Nov 15, 2010 2:00 AM",,,,,,,,,,10,4,6,,,,,,,,,
"Nov 15, 2010 3:00 AM",,,,,,,,,,0,0,0,,,,,,,,,
"Nov 15, 2010 4:00 AM",,,,,,,,,,0,0,0,,,,,,,,,
"Nov 15, 2010 5:00 AM",,,,,,,,,,1,1,0,,,,,,,,,
"Nov 15, 2010 6:00 AM",,,,,,,,,,0,0,0,,,,,,,,,
"Nov 15, 2010 7:00 AM",,,,,,,,,,29,15,14,,,,,,,,,
"Nov 15, 2010 8:00 AM",,,,,,,,,,13,4,9,,,,,,,,,
"Nov 15, 2010 9:00 AM",,,,,,,,,,0,0,0,,,,,,,,,
"Nov 15, 2010 10:00 AM",,,,,,,,,,0,0,0,,,,,,,,,
"Nov 15, 2010 11:00 AM",,,,,,,,,,0,0,0,,,,,,,,,
"Nov 15, 2010 12:00 PM",,,,,,,,,,0,0,0,,,,,,,,,
"Nov 15, 2010 1:00 PM",,,,,,,,,,0,0,0,,,,,,,,,
"Nov 15, 2010 2:00 PM",,,,,,,,,,0,0,0,,,,,,,,,
"Nov 15, 2010 3:00 PM",,,,,,,,,,0,0,0,,,,,,,,,
"Nov 15, 2010 4:00 PM",,,,,,,,,,0,0,0,,,,,,,,,
"Nov 15, 2010 5:00 PM",,,,,,,,,,0,0,0,,,,,,,,,
"Nov 15, 2010 6:00 PM",,,,,,,,,,0,0,0,,,,,,,,,
"Nov 15, 2010 7:00 PM",,,,,,,,,,0,0,0,,,,,,,,,
"Nov 15, 2010 8:00 PM",,,,,,,,,,0,0,0,,,,,,,,,
"Nov 15, 2010 9:00 PM",,,,,,,,,,0,0,0,,,,,,,,,
"Nov 15, 2010 10:00 PM",,,,,,,,,,0,0,0,,,,,,,,,
"Nov 15, 2010 11:00 PM",,,,,,,,,,0,0,0,,,,,,,,,
"Nov 16, 2010 12:00 AM",,,,,,,,,,0,0,0,,,,,,,,,
"Nov 16, 2010 1:00 AM",,,,,,,,,,0,0,0,,,,,,,,,
"Nov 16, 2010 2:00 AM",,,,,,,,,,0,0,0,,,,,,,,,
"Nov 16, 2010 3:00 AM",,,,,,,,,,41,6,35,,,,,,,,,
"Nov 16, 2010 4:00 AM",,,,,,,,,,0,0,0,,,,,,,,,
"Nov 16, 2010 5:00 AM",,,,,,,,,,0,0,0,,,,,,,,,
"Nov 16, 2010 6:00 AM",,,,,,,,,,11,6,5,,,,,,,,,
"Nov 16, 2010 7:00 AM",,,,,,,,,,0,0,0,,,,,,,,,
"Nov 16, 2010 8:00 AM",,,,,,,,,,2,1,1,,,,,,,,,
"Nov 16, 2010 9:00 AM",,,,,,,,,,0,0,0,,,,,,,,,
"Nov 16, 2010 10:00 AM",,,,,,,,,,0,0,0,,,,,,,,,
"Nov 16, 2010 11:00 AM",,,,,,,,,,0,0,0,,,,,,,,,
"Nov 16, 2010 12:00 PM",,,,,,,,,,4,2,2,,,,,,,,,
"Nov 16, 2010 1:00 PM",,,,,,,,,,0,0,0,,,,,,,,,
"Nov 16, 2010 2:00 PM",,,,,,,,,,0,0,0,,,,,,,,,
"Nov 16, 2010 3:00 PM",,,,,,,,,,0,0,0,,,,,,,,,
"Nov 16, 2010 4:00 PM",,,,,,,,,,12,8,4,,,,,,,,,
"Nov 16, 2010 5:00 PM",,,,,,,,,,0,0,0,,,,,,,,,
"Nov 16, 2010 6:00 PM",,,,,,,,,,1,1,0,,,,,,,,,
"Nov 16, 2010 7:00 PM",,,,,,,,,,0,0,0,,,,,,,,,
"Nov 16, 2010 8:00 PM",,,,,,,,,,0,0,0,,,,,,,,,
"Nov 16, 2010 9:00 PM",,,,,,,,,,0,0,0,,,,,,,,,
"Nov 16, 2010 10:00 PM",,,,,,,,,,0,0,0,,,,,,,,,
"Nov 16, 2010 11:00 PM",,,,,,,,,,0,0,0,,,,,,,,,
"Nov 17, 2010 12:00 AM",,,,,,,,,,0,0,0,,,,,,,,,
"Nov 17, 2010 1:00 AM",,,,,,,,,,0,0,0,,,,,,,,,
"Nov 17, 2010 2:00 AM",,,,,,,,,,0,0,0,,,,,,,,,
"Nov 17, 2010 3:00 AM",,,,,,,,,,0,0,0,,,,,,,,,
"Nov 17, 2010 4:00 AM",,,,,,,,,,0,0,0,,,,,,,,,
"Nov 17, 2010 5:00 AM",,,,,,,,,,0,0,0,,,,,,,,,
"Nov 17, 2010 6:00 AM",,,,,,,,,,0,0,0,,,,,,,,,
"Nov 17, 2010 7:00 AM",,,,,,,,,,0,0,0,,,,,,,,,
"Nov 17, 2010 8:00 AM",,,,,,,,,,0,0,0,,,,,,,,,
"Nov 17, 2010 9:00 AM",,,,,,,,,,0,0,0,,,,,,,,,
"Nov 17, 2010 10:00 AM",,,,,,,,,,0,0,0,,,,,,,,,
"Nov 17, 2010 11:00 AM",,,,,,,,,,8,3,5,,,,,,,,,
"Nov 17, 2010 12:00 PM",,,,,,,,,,0,0,0,,,,,,,,,
"Nov 17, 2010 1:00 PM",,,,,,,,,,39,19,20,,,,,,,,,
"Nov 17, 2010 2:00 PM",,,,,,,,,,7,3,4,,,,,,,,,
"Nov 17, 2010 3:00 PM",,,,,,,,,,0,0,0,,,,,,,,,
"Nov 17, 2010 4:00 PM",,,,,,,,,,72,38,34,,,,,,,,,
"Nov 17, 2010 5:00 PM",,,,,,,,,,190,121,69,,,,,,,,,
"Nov 17, 2010 6:00 PM",,,,,,,,,,468,225,243,,,,,,,,,
"Nov 17, 2010 7:00 PM",,,,,,,,,,231,115,116,,,,,,,,,
"Nov 17, 2010 8:00 PM",,,,,,,,,,32,19,13,,,,,,,,,
"Nov 17, 2010 9:00 PM",,,,,,,,,,6,2,4,,,,,,,,,
"Nov 17, 2010 10:00 PM",,,,,,,,,,2,2,0,,,,,,,,,
"Nov 17, 2010 11:00 PM",,,,,,,,,,0,0,0,,,,,,,,,
"Nov 18, 2010 12:00 AM",,,,,,,,,,0,0,0,,,,,,,,,
"Nov 18, 2010 1:00 AM",,,,,,,,,,1,0,1,,,,,,,,,
"Nov 18, 2010 2:00 AM",,,,,,,,,,2,2,0,,,,,,,,,
"Nov 18, 2010 3:00 AM",,,,,,,,,,2,1,1,,,,,,,,,
"Nov 18, 2010 4:00 AM",,,,,,,,,,0,0,0,,,,,,,,,
"Nov 18, 2010 5:00 AM",,,,,,,,,,0,0,0,,,,,,,,,
"Nov 18, 2010 6:00 AM",,,,,,,,,,4,1,3,,,,,,,,,
"Nov 18, 2010 7:00 AM",,,,,,,,,,6,3,3,,,,,,,,,
"Nov 18, 2010 8:00 AM",,,,,,,,,,36,18,18,,,,,,,,,
"Nov 18, 2010 9:00 AM",,,,,,,,,,27,12,15,,,,,,,,,
"Nov 18, 2010 10:00 AM",,,,,,,,,,23,10,13,,,,,,,,,
"Nov 18, 2010 11:00 AM",,,,,,,,,,22,11,11,,,,,,,,,
"Nov 18, 2010 12:00 PM",,,,,,,,,,12,6,6,,,,,,,,,
"Nov 18, 2010 1:00 PM",,,,,,,,,,23,11,12,,,,,,,,,
"Nov 18, 2010 2:00 PM",,,,,,,,,,30,16,14,,,,,,,,,
"Nov 18, 2010 3:00 PM",,,,,,,,,,22,6,16,,,,,,,,,
"Nov 18, 2010 4:00 PM",,,,,,,,,,19,14,5,,,,,,,,,
"Nov 18, 2010 5:00 PM",,,,,,,,,,12,8,4,,,,,,,,,
"Nov 18, 2010 6:00 PM",,,,,,,,,,14,12,2,,,,,,,,,
"Nov 18, 2010 7:00 PM",,,,,,,,,,18,12,6,,,,,,,,,
"Nov 18, 2010 8:00 PM",,,,,,,,,,6,2,4,,,,,,,,,
"Nov 18, 2010 9:00 PM",,,,,,,,,,6,4,2,,,,,,,,,
"Nov 18, 2010 10:00 PM",,,,,,,,,,2,2,0,,,,,,,,,
"Nov 18, 2010 11:00 PM",,,,,,,,,,0,0,0,,,,,,,,,
"Nov 19, 2010 12:00 AM",,,,,,,,,,0,0,0,,,,,,,,,
"Nov 19, 2010 1:00 AM",,,,,,,,,,0,0,0,,,,,,,,,
"Nov 19, 2010 2:00 AM",,,,,,,,,,0,0,0,,,,,,,,,
"Nov 19, 2010 3:00 AM",,,,,,,,,,4,2,2,,,,,,,,,
"Nov 19, 2010 4:00 AM",,,,,,,,,,1,1,0,,,,,,,,,
"Nov 19, 2010 5:00 AM",,,,,,,,,,3,0,3,,,,,,,,,
"Nov 19, 2010 6:00 AM",,,,,,,,,,2,1,1,,,,,,,,,
"Nov 19, 2010 7:00 AM",,,,,,,,,,9,4,5,,,,,,,,,
"Nov 19, 2010 8:00 AM",,,,,,,,,,30,14,16,,,,,,,,,
"Nov 19, 2010 9:00 AM",,,,,,,,,,21,10,11,,,,,,,,,
"Nov 19, 2010 10:00 AM",,,,,,,,,,21,7,14,,,,,,,,,
"Nov 19, 2010 11:00 AM",,,,,,,,,,23,9,14,,,,,,,,,
"Nov 19, 2010 12:00 PM",,,,,,,,,,22,11,11,,,,,,,,,
"Nov 19, 2010 1:00 PM",,,,,,,,,,22,11,11,,,,,,,,,
"Nov 19, 2010 2:00 PM",,,,,,,,,,24,11,13,,,,,,,,,
"Nov 19, 2010 3:00 PM",,,,,,,,,,12,4,8,,,,,,,,,
"Nov 19, 2010 4:00 PM",,,,,,,,,,20,13,7,,,,,,,,,
"Nov 19, 2010 5:00 PM",,,,,,,,,,22,10,12,,,,,,,,,
"Nov 19, 2010 6:00 PM",,,,,,,,,,14,11,3,,,,,,,,,
"Nov 19, 2010 7:00 PM",,,,,,,,,,16,11,5,,,,,,,,,
"Nov 19, 2010 8:00 PM",,,,,,,,,,5,2,3,,,,,,,,,
"Nov 19, 2010 9:00 PM",,,,,,,,,,9,1,8,,,,,,,,,
"Nov 19, 2010 10:00 PM",,,,,,,,,,9,4,5,,,,,,,,,
"Nov 19, 2010 11:00 PM",,,,,,,,,,3,2,1,,,,,,,,,
"Nov 20, 2010 12:00 AM",,,,,,,,,,1,1,0,,,,,,,,,
"Nov 20, 2010 1:00 AM",,,,,,,,,,1,1,0,,,,,,,,,
"Nov 20, 2010 2:00 AM",,,,,,,,,,1,0,1,,,,,,,,,
"Nov 20, 2010 3:00 AM",,,,,,,,,,1,1,0,,,,,,,,,
"Nov 20, 2010 4:00 AM",,,,,,,,,,3,1,2,,,,,,,,,
"Nov 20, 2010 5:00 AM",,,,,,,,,,0,0,0,,,,,,,,,
"Nov 20, 2010 6:00 AM",,,,,,,,,,0,0,0,,,,,,,,,
"Nov 20, 2010 7:00 AM",,,,,,,,,,3,2,1,,,,,,,,,
"Nov 20, 2010 8:00 AM",,,,,,,,,,4,1,3,,,,,,,,,
"Nov 20, 2010 9:00 AM",,,,,,,,,,14,7,7,,,,,,,,,
"Nov 20, 2010 10:00 AM",,,,,,,,,,22,7,15,,,,,,,,,
"Nov 20, 2010 11:00 AM",,,,,,,,,,26,10,16,,,,,,,,,
"Nov 20, 2010 12:00 PM",,,,,,,,,,20,9,11,,,,,,,,,
"Nov 20, 2010 1:00 PM",,,,,,,,,,21,15,6,,,,,,,,,
"Nov 20, 2010 2:00 PM",,,,,,,,,,27,15,12,,,,,,,,,
"Nov 20, 2010 3:00 PM",,,,,,,,,,45,17,28,,,,,,,,,
"Nov 20, 2010 4:00 PM",,,,,,,,,,32,13,19,,,,,,,,,
"Nov 20, 2010 5:00 PM",,,,,,,,,,20,14,6,,,,,,,,,
"Nov 20, 2010 6:00 PM",,,,,,,,,,12,7,5,,,,,,,,,
"Nov 20, 2010 7:00 PM",,,,,,,,,,7,2,5,,,,,,,,,
"Nov 20, 2010 8:00 PM",,,,,,,,,,7,1,6,,,,,,,,,
"Nov 20, 2010 9:00 PM",,,,,,,,,,11,9,2,,,,,,,,,
"Nov 20, 2010 10:00 PM",,,,,,,,,,6,1,5,,,,,,,,,
"Nov 20, 2010 11:00 PM",,,,,,,,,,4,3,1,,,,,,,,,
"Nov 21, 2010 12:00 AM",,,,,,,,,,6,4,2,,,,,,,,,
"Nov 21, 2010 1:00 AM",,,,,,,,,,3,0,3,,,,,,,,,
"Nov 21, 2010 2:00 AM",,,,,,,,,,0,0,0,,,,,,,,,
"Nov 21, 2010 3:00 AM",,,,,,,,,,0,0,0,,,,,,,,,
"Nov 21, 2010 4:00 AM",,,,,,,,,,0,0,0,,,,,,,,,
"Nov 21, 2010 5:00 AM",,,,,,,,,,0,0,0,,,,,,,,,
"Nov 21, 2010 6:00 AM",,,,,,,,,,0,0,0,,,,,,,,,
"Nov 21, 2010 7:00 AM",,,,,,,,,,5,4,1,,,,,,,,,
"Nov 21, 2010 8:00 AM",,,,,,,,,,6,4,2,,,,,,,,,
"Nov 21, 2010 9:00 AM",,,,,,,,,,11,7,4,,,,,,,,,
"Nov 21, 2010 10:00 AM",,,,,,,,,,5,2,3,,,,,,,,,
"Nov 21, 2010 11:00 AM",,,,,,,,,,8,2,6,,,,,,,,,
"Nov 21, 2010 12:00 PM",,,,,,,,,,32,8,24,,,,,,,,,
"Nov 21, 2010 1:00 PM",,,,,,,,,,30,16,14,,,,,,,,,
"Nov 21, 2010 2:00 PM",,,,,,,,,,35,13,22,,,,,,,,,
"Nov 21, 2010 3:00 PM",,,,,,,,,,43,22,21,,,,,,,,,
"Nov 21, 2010 4:00 PM",,,,,,,,,,29,14,15,,,,,,,,,
"Nov 21, 2010 5:00 PM",,,,,,,,,,10,9,1,,,,,,,,,
"Nov 21, 2010 6:00 PM",,,,,,,,,,6,5,1,,,,,,,,,
"Nov 21, 2010 7:00 PM",,,,,,,,,,4,2,2,,,,,,,,,
"Nov 21, 2010 8:00 PM",,,,,,,,,,5,3,2,,,,,,,,,
"Nov 21, 2010 9:00 PM",,,,,,,,,,4,2,2,,,,,,,,,
"Nov 21, 2010 10:00 PM",,,,,,,,,,6,1,5,,,,,,,,,
"Nov 21, 2010 11:00 PM",,,,,,,,,,1,0,1,,,,,,,,,
"Nov 22, 2010 12:00 AM",,,,,,,,,,4,3,1,,,,,,,,,
"Nov 22, 2010 1:00 AM",,,,,,,,,,1,0,1,,,,,,,,,
"Nov 22, 2010 2:00 AM",,,,,,,,,,0,0,0,,,,,,,,,
"Nov 22, 2010 3:00 AM",,,,,,,,,,0,0,0,,,,,,,,,
"Nov 22, 2010 4:00 AM",,,,,,,,,,0,0,0,,,,,,,,,
"Nov 22, 2010 5:00 AM",,,,,,,,,,0,0,0,,,,,,,,,
"Nov 22, 2010 6:00 AM",,,,,,,,,,0,0,0,,,,,,,,,
"Nov 22, 2010 7:00 AM",,,,,,,,,,4,3,1,,,,,,,,,
"Nov 22, 2010 8:00 AM",,,,,,,,,,30,17,13,,,,,,,,,
"Nov 22, 2010 9:00 AM",,,,,,,,,,13,8,5,,,,,,,,,
"Nov 22, 2010 10:00 AM",,,,,,,,,,20,10,10,,,,,,,,,
"Nov 22, 2010 11:00 AM",,,,,,,,,,16,6,10,,,,,,,,,
"Nov 22, 2010 12:00 PM",,,,,,,,,,11,7,4,,,,,,,,,
"Nov 22, 2010 1:00 PM",,,,,,,,,,14,10,4,,,,,,,,,
"Nov 22, 2010 2:00 PM",,,,,,,,,,20,5,15,,,,,,,,,
"Nov 22, 2010 3:00 PM",,,,,,,,,,6,2,4,,,,,,,,,
"Nov 22, 2010 4:00 PM",,,,,,,,,,19,10,9,,,,,,,,,
"Nov 22, 2010 5:00 PM",,,,,,,,,,19,12,7,,,,,,,,,
"Nov 22, 2010 6:00 PM",,,,,,,,,,8,5,3,,,,,,,,,
"Nov 22, 2010 7:00 PM",,,,,,,,,,6,4,2,,,,,,,,,
"Nov 22, 2010 8:00 PM",,,,,,,,,,4,3,1,,,,,,,,,
"Nov 22, 2010 9:00 PM",,,,,,,,,,2,1,1,,,,,,,,,
"Nov 22, 2010 10:00 PM",,,,,,,,,,1,1,0,,,,,,,,,
"Nov 22, 2010 11:00 PM",,,,,,,,,,2,1,1,,,,,,,,,
"Nov 23, 2010 12:00 AM",,,,,,,,,,0,0,0,,,,,,,,,
"Nov 23, 2010 1:00 AM",,,,,,,,,,0,0,0,,,,,,,,,
"Nov 23, 2010 2:00 AM",,,,,,,,,,0,0,0,,,,,,,,,
"Nov 23, 2010 3:00 AM",,,,,,,,,,0,0,0,,,,,,,,,
"Nov 23, 2010 4:00 AM",,,,,,,,,,0,0,0,,,,,,,,,
"Nov 23, 2010 5:00 AM",,,,,,,,,,0,0,0,,,,,,,,,
"Nov 23, 2010 6:00 AM",,,,,,,,,,2,2,0,,,,,,,,,
"Nov 23, 2010 7:00 AM",,,,,,,,,,14,7,7,,,,,,,,,
"Nov 23, 2010 8:00 AM",,,,,,,,,,25,13,12,,,,,,,,,
"Nov 23, 2010 9:00 AM",,,,,,,,,,23,11,12,,,,,,,,,
"Nov 23, 2010 10:00 AM",,,,,,,,,,13,5,8,,,,,,,,,
"Nov 23, 2010 11:00 AM",,,,,,,,,,30,15,15,,,,,,,,,
"Nov 23, 2010 12:00 PM",,,,,,,,,,21,11,10,,,,,,,,,
"Nov 23, 2010 1:00 PM",,,,,,,,,,20,7,13,,,,,,,,,
"Nov 23, 2010 2:00 PM",,,,,,,,,,22,10,12,,,,,,,,,
"Nov 23, 2010 3:00 PM",,,,,,,,,,21,5,16,,,,,,,,,
"Nov 23, 2010 4:00 PM",,,,,,,,,,15,10,5,,,,,,,,,
"Nov 23, 2010 5:00 PM",,,,,,,,,,30,15,15,,,,,,,,,
"Nov 23, 2010 6:00 PM",,,,,,,,,,20,13,7,,,,,,,,,
"Nov 23, 2010 7:00 PM",,,,,,,,,,11,5,6,,,,,,,,,
"Nov 23, 2010 8:00 PM",,,,,,,,,,13,6,7,,,,,,,,,
"Nov 23, 2010 9:00 PM",,,,,,,,,,5,2,3,,,,,,,,,
"Nov 23, 2010 10:00 PM",,,,,,,,,,6,5,1,,,,,,,,,
"Nov 23, 2010 11:00 PM",,,,,,,,,,3,1,2,,,,,,,,,
"Nov 24, 2010 12:00 AM",,,,,,,,,,0,0,0,,,,,,,,,
"Nov 24, 2010 1:00 AM",,,,,,,,,,1,1,0,,,,,,,,,
"Nov 24, 2010 2:00 AM",,,,,,,,,,0,0,0,,,,,,,,,
"Nov 24, 2010 3:00 AM",,,,,,,,,,,,,,,,,,,,,
"Nov 24, 2010 4:00 AM",,,,,,,,,,,,,,,,,,,,,
"Nov 24, 2010 5:00 AM",,,,,,,,,,16,8,8,,,,,,,,,
"Nov 24, 2010 6:00 AM",,,,,,,,,,9,6,3,,,,,,,,,
"Nov 24, 2010 7:00 AM",,,,,,,,,,4,1,3,,,,,,,,,
"Nov 24, 2010 8:00 AM",,,,,,,,,,4,3,1,,,,,,,,,
"Nov 24, 2010 9:00 AM",,,,,,,,,,1,1,0,,,,,,,,,
"Nov 24, 2010 10:00 AM",,,,,,,,,,5,1,4,,,,,,,,,
"Nov 24, 2010 11:00 AM",,,,,,,,,,2,1,1,,,,,,,,,
"Nov 24, 2010 12:00 PM",,,,,,,,,,4,3,1,,,,,,,,,
"Nov 24, 2010 1:00 PM",,,,,,,,,,1,0,1,,,,,,,,,
"Nov 24, 2010 2:00 PM",,,,,,,,,,0,0,0,,,,,,,,,
"Nov 24, 2010 3:00 PM",,,,,,,,,,0,0,0,,,,,,,,,
"Nov 24, 2010 4:00 PM",,,,,,,,,,0,0,0,,,,,,,,,
"Nov 24, 2010 5:00 PM",,,,,,,,,,0,0,0,,,,,,,,,
"Nov 24, 2010 6:00 PM",,,,,,,,,,0,0,0,,,,,,,,,
"Nov 24, 2010 7:00 PM",,,,,,,,,,0,0,0,,,,,,,,,
"Nov 24, 2010 8:00 PM",,,,,,,,,,0,0,0,,,,,,,,,
"Nov 24, 2010 9:00 PM",,,,,,,,,,0,0,0,,,,,,,,,
"Nov 24, 2010 10:00 PM",,,,,,,,,,0,0,0,,,,,,,,,
"Nov 24, 2010 11:00 PM",,,,,,,,,,0,0,0,,,,,,,,,
"Nov 25, 2010 12:00 AM",,,,,,,,,,0,0,0,,,,,,,,,
"Nov 25, 2010 1:00 AM",,,,,,,,,,0,0,0,,,,,,,,,
"Nov 25, 2010 2:00 AM",,,,,,,,,,0,0,0,,,,,,,,,
"Nov 25, 2010 3:00 AM",,,,,,,,,,0,0,0,,,,,,,,,
"Nov 25, 2010 4:00 AM",,,,,,,,,,0,0,0,,,,,,,,,
"Nov 25, 2010 5:00 AM",,,,,,,,,,0,0,0,,,,,,,,,
"Nov 25, 2010 6:00 AM",,,,,,,,,,1,1,0,,,,,,,,,
"Nov 25, 2010 7:00 AM",,,,,,,,,,5,3,2,,,,,,,,,
"Nov 25, 2010 8:00 AM",,,,,,,,,,31,13,18,,,,,,,,,
"Nov 25, 2010 9:00 AM",,,,,,,,,,16,7,9,,,,,,,,,
"Nov 25, 2010 10:00 AM",,,,,,,,,,19,7,12,,,,,,,,,
"Nov 25, 2010 11:00 AM",,,,,,,,,,17,9,8,,,,,,,,,
"Nov 25, 2010 12:00 PM",,,,,,,,,,12,6,6,,,,,,,,,
"Nov 25, 2010 1:00 PM",,,,,,,,,,16,3,13,,,,,,,,,
"Nov 25, 2010 2:00 PM",,,,,,,,,,24,10,14,,,,,,,,,
"Nov 25, 2010 3:00 PM",,,,,,,,,,36,20,16,,,,,,,,,
"Nov 25, 2010 4:00 PM",,,,,,,,,,16,5,11,,,,,,,,,
"Nov 25, 2010 5:00 PM",,,,,,,,,,14,11,3,,,,,,,,,
"Nov 25, 2010 6:00 PM",,,,,,,,,,11,7,4,,,,,,,,,
"Nov 25, 2010 7:00 PM",,,,,,,,,,9,6,3,,,,,,,,,
"Nov 25, 2010 8:00 PM",,,,,,,,,,4,2,2,,,,,,,,,
"Nov 25, 2010 9:00 PM",,,,,,,,,,3,1,2,,,,,,,,,
"Nov 25, 2010 10:00 PM",,,,,,,,,,4,1,3,,,,,,,,,
"Nov 25, 2010 11:00 PM",,,,,,,,,,0,0,0,,,,,,,,,
"Nov 26, 2010 12:00 AM",,,,,,,,,,0,0,0,,,,,,,,,
"Nov 26, 2010 1:00 AM",,,,,,,,,,1,0,1,,,,,,,,,
"Nov 26, 2010 2:00 AM",,,,,,,,,,0,0,0,,,,,,,,,
"Nov 26, 2010 3:00 AM",,,,,,,,,,0,0,0,,,,,,,,,
"Nov 26, 2010 4:00 AM",,,,,,,,,,0,0,0,,,,,,,,,
"Nov 26, 2010 5:00 AM",,,,,,,,,,0,0,0,,,,,,,,,
"Nov 26, 2010 6:00 AM",,,,,,,,,,1,1,0,,,,,,,,,
"Nov 26, 2010 7:00 AM",,,,,,,,,,4,3,1,,,,,,,,,
"Nov 26, 2010 8:00 AM",,,,,,,,,,22,14,8,,,,,,,,,
"Nov 26, 2010 9:00 AM",,,,,,,,,,20,11,9,,,,,,,,,
"Nov 26, 2010 10:00 AM",,,,,,,,,,13,7,6,,,,,,,,,
"Nov 26, 2010 11:00 AM",,,,,,,,,,22,14,8,,,,,,,,,
"Nov 26, 2010 12:00 PM",,,,,,,,,,15,9,6,,,,,,,,,
"Nov 26, 2010 1:00 PM",,,,,,,,,,14,8,6,,,,,,,,,
"Nov 26, 2010 2:00 PM",,,,,,,,,,10,5,5,,,,,,,,,
"Nov 26, 2010 3:00 PM",,,,,,,,,,22,6,16,,,,,,,,,
"Nov 26, 2010 4:00 PM",,,,,,,,,,11,9,2,,,,,,,,,
"Nov 26, 2010 5:00 PM",,,,,,,,,,9,5,4,,,,,,,,,
"Nov 26, 2010 6:00 PM",,,,,,,,,,5,4,1,,,,,,,,,
"Nov 26, 2010 7:00 PM",,,,,,,,,,7,1,6,,,,,,,,,
"Nov 26, 2010 8:00 PM",,,,,,,,,,9,3,6,,,,,,,,,
"Nov 26, 2010 9:00 PM",,,,,,,,,,1,0,1,,,,,,,,,
"Nov 26, 2010 10:00 PM",,,,,,,,,,1,1,0,,,,,,,,,
"Nov 26, 2010 11:00 PM",,,,,,,,,,3,1,2,,,,,,,,,
"Nov 27, 2010 12:00 AM",,,,,,,,,,1,0,1,,,,,,,,,
"Nov 27, 2010 1:00 AM",,,,,,,,,,0,0,0,,,,,,,,,
"Nov 27, 2010 2:00 AM",,,,,,,,,,0,0,0,,,,,,,,,
"Nov 27, 2010 3:00 AM",,,,,,,,,,0,0,0,,,,,,,,,
"Nov 27, 2010 4:00 AM",,,,,,,,,,0,0,0,,,,,,,,,
"Nov 27, 2010 5:00 AM",,,,,,,,,,0,0,0,,,,,,,,,
"Nov 27, 2010 6:00 AM",,,,,,,,,,0,0,0,,,,,,,,,
"Nov 27, 2010 7:00 AM",,,,,,,,,,0,0,0,,,,,,,,,
"Nov 27, 2010 8:00 AM",,,,,,,,,,6,4,2,,,,,,,,,
"Nov 27, 2010 9:00 AM",,,,,,,,,,9,7,2,,,,,,,,,
"Nov 27, 2010 10:00 AM",,,,,,,,,,11,5,6,,,,,,,,,
"Nov 27, 2010 11:00 AM",,,,,,,,,,10,6,4,,,,,,,,,
"Nov 27, 2010 12:00 PM",,,,,,,,,,18,9,9,,,,,,,,,
"Nov 27, 2010 1:00 PM",,,,,,,,,,12,8,4,,,,,,,,,
"Nov 27, 2010 2:00 PM",,,,,,,,,,20,12,8,,,,,,,,,
"Nov 27, 2010 3:00 PM",,,,,,,,,,15,13,2,,,,,,,,,
"Nov 27, 2010 4:00 PM",,,,,,,,,,13,4,9,,,,,,,,,
"Nov 27, 2010 5:00 PM",,,,,,,,,,7,6,1,,,,,,,,,
"Nov 27, 2010 6:00 PM",,,,,,,,,,2,1,1,,,,,,,,,
"Nov 27, 2010 7:00 PM",,,,,,,,,,6,2,4,,,,,,,,,
"Nov 27, 2010 8:00 PM",,,,,,,,,,2,2,0,,,,,,,,,
"Nov 27, 2010 9:00 PM",,,,,,,,,,3,2,1,,,,,,,,,
"Nov 27, 2010 10:00 PM",,,,,,,,,,1,0,1,,,,,,,,,
"Nov 27, 2010 11:00 PM",,,,,,,,,,4,3,1,,,,,,,,,
"Nov 28, 2010 12:00 AM",,,,,,,,,,0,0,0,,,,,,,,,
"Nov 28, 2010 1:00 AM",,,,,,,,,,6,4,2,,,,,,,,,
"Nov 28, 2010 2:00 AM",,,,,,,,,,6,2,4,,,,,,,,,
"Nov 28, 2010 3:00 AM",,,,,,,,,,0,0,0,,,,,,,,,
"Nov 28, 2010 4:00 AM",,,,,,,,,,1,1,0,,,,,,,,,
"Nov 28, 2010 5:00 AM",,,,,,,,,,0,0,0,,,,,,,,,
"Nov 28, 2010 6:00 AM",,,,,,,,,,0,0,0,,,,,,,,,
"Nov 28, 2010 7:00 AM",,,,,,,,,,0,0,0,,,,,,,,,
"Nov 28, 2010 8:00 AM",,,,,,,,,,6,3,3,,,,,,,,,
"Nov 28, 2010 9:00 AM",,,,,,,,,,12,6,6,,,,,,,,,
"Nov 28, 2010 10:00 AM",,,,,,,,,,22,11,11,,,,,,,,,
"Nov 28, 2010 11:00 AM",,,,,,,,,,29,13,16,,,,,,,,,
"Nov 28, 2010 12:00 PM",,,,,,,,,,37,13,24,,,,,,,,,
"Nov 28, 2010 1:00 PM",,,,,,,,,,23,12,11,,,,,,,,,
"Nov 28, 2010 2:00 PM",,,,,,,,,,27,18,9,,,,,,,,,
"Nov 28, 2010 3:00 PM",,,,,,,,,,23,8,15,,,,,,,,,
"Nov 28, 2010 4:00 PM",,,,,,,,,,42,23,19,,,,,,,,,
"Nov 28, 2010 5:00 PM",,,,,,,,,,6,3,3,,,,,,,,,
"Nov 28, 2010 6:00 PM",,,,,,,,,,7,3,4,,,,,,,,,
"Nov 28, 2010 7:00 PM",,,,,,,,,,2,2,0,,,,,,,,,
"Nov 28, 2010 8:00 PM",,,,,,,,,,3,1,2,,,,,,,,,
"Nov 28, 2010 9:00 PM",,,,,,,,,,7,6,1,,,,,,,,,
"Nov 28, 2010 10:00 PM",,,,,,,,,,6,4,2,,,,,,,,,
"Nov 28, 2010 11:00 PM",,,,,,,,,,1,0,1,,,,,,,,,
"Nov 29, 2010 12:00 AM",,,,,,,,,,0,0,0,,,,,,,,,
"Nov 29, 2010 1:00 AM",,,,,,,,,,0,0,0,,,,,,,,,
"Nov 29, 2010 2:00 AM",,,,,,,,,,0,0,0,,,,,,,,,
"Nov 29, 2010 3:00 AM",,,,,,,,,,1,1,0,,,,,,,,,
"Nov 29, 2010 4:00 AM",,,,,,,,,,0,0,0,,,,,,,,,
"Nov 29, 2010 5:00 AM",,,,,,,,,,0,0,0,,,,,,,,,
"Nov 29, 2010 6:00 AM",,,,,,,,,,2,2,0,,,,,,,,,
"Nov 29, 2010 7:00 AM",,,,,,,,,,10,5,5,,,,,,,,,
"Nov 29, 2010 8:00 AM",,,,,,,,,,27,13,14,,,,,,,,,
"Nov 29, 2010 9:00 AM",,,,,,,,,,24,13,11,,,,,,,,,
"Nov 29, 2010 10:00 AM",,,,,,,,,,19,14,5,,,,,,,,,
"Nov 29, 2010 11:00 AM",,,,,,,,,,9,4,5,,,,,,,,,
"Nov 29, 2010 12:00 PM",,,,,,,,,,18,10,8,,,,,,,,,
"Nov 29, 2010 1:00 PM",,,,,,,,,,22,11,11,,,,,,,,,
"Nov 29, 2010 2:00 PM",,,,,,,,,,33,19,14,,,,,,,,,
"Nov 29, 2010 3:00 PM",,,,,,,,,,11,6,5,,,,,,,,,
"Nov 29, 2010 4:00 PM",,,,,,,,,,15,5,10,,,,,,,,,
"Nov 29, 2010 5:00 PM",,,,,,,,,,6,2,4,,,,,,,,,
"Nov 29, 2010 6:00 PM",,,,,,,,,,12,4,8,,,,,,,,,
"Nov 29, 2010 7:00 PM",,,,,,,,,,8,2,6,,,,,,,,,
"Nov 29, 2010 8:00 PM",,,,,,,,,,3,3,0,,,,,,,,,
"Nov 29, 2010 9:00 PM",,,,,,,,,,3,1,2,,,,,,,,,
"Nov 29, 2010 10:00 PM",,,,,,,,,,3,1,2,,,,,,,,,
"Nov 29, 2010 11:00 PM",,,,,,,,,,2,1,1,,,,,,,,,
"Nov 30, 2010 12:00 AM",,,,,,,,,,1,0,1,,,,,,,,,
"Nov 30, 2010 1:00 AM",,,,,,,,,,1,1,0,,,,,,,,,
"Nov 30, 2010 2:00 AM",,,,,,,,,,0,0,0,,,,,,,,,
"Nov 30, 2010 3:00 AM",,,,,,,,,,0,0,0,,,,,,,,,
"Nov 30, 2010 4:00 AM",,,,,,,,,,0,0,0,,,,,,,,,
"Nov 30, 2010 5:00 AM",,,,,,,,,,16,8,8,,,,,,,,,
"Nov 30, 2010 6:00 AM",,,,,,,,,,9,6,3,,,,,,,,,
"Nov 30, 2010 7:00 AM",,,,,,,,,,4,1,3,,,,,,,,,
"Nov 30, 2010 8:00 AM",,,,,,,,,,4,3,1,,,,,,,,,
"Nov 30, 2010 9:00 AM",,,,,,,,,,1,1,0,,,,,,,,,
"Nov 30, 2010 10:00 AM",,,,,,,,,,5,1,4,,,,,,,,,
"Nov 30, 2010 11:00 AM",,,,,,,,,,2,1,1,,,,,,,,,
"Nov 30, 2010 12:00 PM",,,,,,,,,,4,3,1,,,,,,,,,
"Nov 30, 2010 1:00 PM",,,,,,,,,,1,0,1,,,,,,,,,
"Nov 30, 2010 2:00 PM",,,,,,,,,,0,0,0,,,,,,,,,
"Nov 30, 2010 3:00 PM",,,,,,,,,,0,0,0,,,,,,,,,
"Nov 30, 2010 4:00 PM",,,,,,,,,,0,0,0,,,,,,,,,
"Nov 30, 2010 5:00 PM",,,,,,,,,,0,0,0,,,,,,,,,
"Nov 30, 2010 6:00 PM",,,,,,,,,,1,1,0,,,,,,,,,
"Nov 30, 2010 7:00 PM",,,,,,,,,,5,3,2,,,,,,,,,
"Nov 30, 2010 8:00 PM",,,,,,,,,,31,13,18,,,,,,,,,
"Nov 30, 2010 9:00 PM",,,,,,,,,,16,7,9,,,,,,,,,
"Nov 30, 2010 10:00 PM",,,,,,,,,,19,7,12,,,,,,,,,
"Nov 30, 2010 11:00 PM",,,,,,,,,,17,9,8,,,,,,,,,
"Dec 1, 2010 12:00 AM",,,,,,,,,,12,6,6,,,,,,,,,
"Dec 1, 2010 1:00 AM",,,,,,,,,,16,3,13,,,,,,,,,
"Dec 1, 2010 2:00 AM",,,,,,,,,,24,10,14,,,,,,,,,
"Dec 1, 2010 3:00 AM",,,,,,,,,,36,20,16,,,,,,,,,
"Dec 1, 2010 4:00 AM",,,,,,,,,,16,5,11,,,,,,,,,
"Dec 1, 2010 5:00 AM",,,,,,,,,,0,0,0,,,,,,,,,
"Dec 1, 2010 6:00 AM",,,,,,,,,,1,1,0,,,,,,,,,
"Dec 1, 2010 7:00 AM",,,,,,,,,,5,4,1,,,,,,,,,
"Dec 1, 2010 8:00 AM",,,,,,,,,,20,9,11,,,,,,,,,
"Dec 1, 2010 9:00 AM",,,,,,,,,,12,7,5,,,,,,,,,
"Dec 1, 2010 10:00 AM",,,,,,,,,,18,4,14,,,,,,,,,
"Dec 1, 2010 11:00 AM",,,,,,,,,,11,6,5,,,,,,,,,
"Dec 1, 2010 12:00 PM",,,,,,,,,,29,13,16,,,,,,,,,
"Dec 1, 2010 1:00 PM",,,,,,,,,,26,17,9,,,,,,,,,
"Dec 1, 2010 2:00 PM",,,,,,,,,,40,21,19,,,,,,,,,
"Dec 1, 2010 3:00 PM",,,,,,,,,,31,17,14,,,,,,,,,
"Dec 1, 2010 4:00 PM",,,,,,,,,,18,9,9,,,,,,,,,
"Dec 1, 2010 5:00 PM",,,,,,,,,,14,9,5,,,,,,,,,
"Dec 1, 2010 6:00 PM",,,,,,,,,,6,5,1,,,,,,,,,
"Dec 1, 2010 7:00 PM",,,,,,,,,,7,3,4,,,,,,,,,
"Dec 1, 2010 8:00 PM",,,,,,,,,,13,6,7,,,,,,,,,
"Dec 1, 2010 9:00 PM",,,,,,,,,,4,3,1,,,,,,,,,
"Dec 1, 2010 10:00 PM",,,,,,,,,,3,1,2,,,,,,,,,
"Dec 1, 2010 11:00 PM",,,,,,,,,,2,1,1,,,,,,,,,
"Dec 2, 2010 12:00 AM",,,,,,,,,,1,0,1,,,,,,,,,
"Dec 2, 2010 1:00 AM",,,,,,,,,,1,0,1,,,,,,,,,
"Dec 2, 2010 2:00 AM",,,,,,,,,,0,0,0,,,,,,,,,
"Dec 2, 2010 3:00 AM",,,,,,,,,,0,0,0,,,,,,,,,
"Dec 2, 2010 4:00 AM",,,,,,,,,,0,0,0,,,,,,,,,
"Dec 2, 2010 5:00 AM",,,,,,,,,,0,0,0,,,,,,,,,
"Dec 2, 2010 6:00 AM",,,,,,,,,,1,1,0,,,,,,,,,
"Dec 2, 2010 7:00 AM",,,,,,,,,,4,3,1,,,,,,,,,
"Dec 2, 2010 8:00 AM",,,,,,,,,,19,13,6,,,,,,,,,
"Dec 2, 2010 9:00 AM",,,,,,,,,,13,6,7,,,,,,,,,
"Dec 2, 2010 10:00 AM",,,,,,,,,,20,11,9,,,,,,,,,
"Dec 2, 2010 11:00 AM",,,,,,,,,,14,8,6,,,,,,,,,
"Dec 2, 2010 12:00 PM",,,,,,,,,,15,7,8,,,,,,,,,
"Dec 2, 2010 1:00 PM",,,,,,,,,,28,13,15,,,,,,,,,
"Dec 2, 2010 2:00 PM",,,,,,,,,,25,9,16,,,,,,,,,
"Dec 2, 2010 3:00 PM",,,,,,,,,,20,10,10,,,,,,,,,
"Dec 2, 2010 4:00 PM",,,,,,,,,,22,12,10,,,,,,,,,
"Dec 2, 2010 5:00 PM",,,,,,,,,,24,14,10,,,,,,,,,
"Dec 2, 2010 6:00 PM",,,,,,,,,,12,5,7,,,,,,,,,
"Dec 2, 2010 7:00 PM",,,,,,,,,,16,7,9,,,,,,,,,
"Dec 2, 2010 8:00 PM",,,,,,,,,,12,8,4,,,,,,,,,
"Dec 2, 2010 9:00 PM",,,,,,,,,,21,9,12,,,,,,,,,
"Dec 2, 2010 10:00 PM",,,,,,,,,,4,0,4,,,,,,,,,
"Dec 2, 2010 11:00 PM",,,,,,,,,,4,3,1,,,,,,,,,
"Dec 3, 2010 12:00 AM",,,,,,,,,,1,1,0,,,,,,,,,
"Dec 3, 2010 1:00 AM",,,,,,,,,,1,1,0,,,,,,,,,
"Dec 3, 2010 2:00 AM",,,,,,,,,,6,5,1,,,,,,,,,
"Dec 3, 2010 3:00 AM",,,,,,,,,,0,0,0,,,,,,,,,
"Dec 3, 2010 4:00 AM",,,,,,,,,,0,0,0,,,,,,,,,
"Dec 3, 2010 5:00 AM",,,,,,,,,,0,0,0,,,,,,,,,
"Dec 3, 2010 6:00 AM",,,,,,,,,,0,0,0,,,,,,,,,
"Dec 3, 2010 7:00 AM",,,,,,,,,,5,4,1,,,,,,,,,
"Dec 3, 2010 8:00 AM",,,,,,,,,,19,11,8,,,,,,,,,
"Dec 3, 2010 9:00 AM",,,,,,,,,,19,9,10,,,,,,,,,
"Dec 3, 2010 10:00 AM",,,,,,,,,,18,4,14,,,,,,,,,
"Dec 3, 2010 11:00 AM",,,,,,,,,,20,6,14,,,,,,,,,
"Dec 3, 2010 12:00 PM",,,,,,,,,,24,14,10,,,,,,,,,
"Dec 3, 2010 1:00 PM",,,,,,,,,,30,16,14,,,,,,,,,
"Dec 3, 2010 2:00 PM",,,,,,,,,,15,7,8,,,,,,,,,
"Dec 3, 2010 3:00 PM",,,,,,,,,,14,9,5,,,,,,,,,
"Dec 3, 2010 4:00 PM",,,,,,,,,,18,12,6,,,,,,,,,
"Dec 3, 2010 5:00 PM",,,,,,,,,,6,2,4,,,,,,,,,
"Dec 3, 2010 6:00 PM",,,,,,,,,,16,7,9,,,,,,,,,
"Dec 3, 2010 7:00 PM",,,,,,,,,,7,2,5,,,,,,,,,
"Dec 3, 2010 8:00 PM",,,,,,,,,,4,2,2,,,,,,,,,
"Dec 3, 2010 9:00 PM",,,,,,,,,,4,2,2,,,,,,,,,
"Dec 3, 2010 10:00 PM",,,,,,,,,,6,6,0,,,,,,,,,
"Dec 3, 2010 11:00 PM",,,,,,,,,,2,0,2,,,,,,,,,
"Dec 4, 2010 12:00 AM",,,,,,,,,,8,6,2,,,,,,,,,
"Dec 4, 2010 1:00 AM",,,,,,,,,,0,0,0,,,,,,,,,
"Dec 4, 2010 2:00 AM",,,,,,,,,,2,2,0,,,,,,,,,
"Dec 4, 2010 3:00 AM",,,,,,,,,,4,1,3,,,,,,,,,
"Dec 4, 2010 4:00 AM",,,,,,,,,,1,1,0,,,,,,,,,
"Dec 4, 2010 5:00 AM",,,,,,,,,,0,0,0,,,,,,,,,
"Dec 4, 2010 6:00 AM",,,,,,,,,,0,0,0,,,,,,,,,
"Dec 4, 2010 7:00 AM",,,,,,,,,,4,3,1,,,,,,,,,
"Dec 4, 2010 8:00 AM",,,,,,,,,,1,1,0,,,,,,,,,
"Dec 4, 2010 9:00 AM",,,,,,,,,,5,3,2,,,,,,,,,
"Dec 4, 2010 10:00 AM",,,,,,,,,,3,1,2,,,,,,,,,
"Dec 4, 2010 11:00 AM",,,,,,,,,,16,6,10,,,,,,,,,
"Dec 4, 2010 12:00 PM",,,,,,,,,,12,9,3,,,,,,,,,
"Dec 4, 2010 1:00 PM",,,,,,,,,,18,5,13,,,,,,,,,
"Dec 4, 2010 2:00 PM",,,,,,,,,,26,12,14,,,,,,,,,
"Dec 4, 2010 3:00 PM",,,,,,,,,,12,7,5,,,,,,,,,
"Dec 4, 2010 4:00 PM",,,,,,,,,,9,6,3,,,,,,,,,
"Dec 4, 2010 5:00 PM",,,,,,,,,,11,4,7,,,,,,,,,
"Dec 4, 2010 6:00 PM",,,,,,,,,,4,3,1,,,,,,,,,
"Dec 4, 2010 7:00 PM",,,,,,,,,,4,3,1,,,,,,,,,
"Dec 4, 2010 8:00 PM",,,,,,,,,,13,6,7,,,,,,,,,
"Dec 4, 2010 9:00 PM",,,,,,,,,,1,1,0,,,,,,,,,
"Dec 4, 2010 10:00 PM",,,,,,,,,,4,2,2,,,,,,,,,
"Dec 4, 2010 11:00 PM",,,,,,,,,,5,0,5,,,,,,,,,
"Dec 5, 2010 12:00 AM",,,,,,,,,,1,0,1,,,,,,,,,
"Dec 5, 2010 1:00 AM",,,,,,,,,,5,1,4,,,,,,,,,
"Dec 5, 2010 2:00 AM",,,,,,,,,,0,0,0,,,,,,,,,
"Dec 5, 2010 3:00 AM",,,,,,,,,,2,2,0,,,,,,,,,
"Dec 5, 2010 4:00 AM",,,,,,,,,,0,0,0,,,,,,,,,
"Dec 5, 2010 5:00 AM",,,,,,,,,,0,0,0,,,,,,,,,
"Dec 5, 2010 6:00 AM",,,,,,,,,,0,0,0,,,,,,,,,
"Dec 5, 2010 7:00 AM",,,,,,,,,,1,1,0,,,,,,,,,
"Dec 5, 2010 8:00 AM",,,,,,,,,,5,5,0,,,,,,,,,
"Dec 5, 2010 9:00 AM",,,,,,,,,,7,3,4,,,,,,,,,
"Dec 5, 2010 10:00 AM",,,,,,,,,,3,2,1,,,,,,,,,
"Dec 5, 2010 11:00 AM",,,,,,,,,,7,1,6,,,,,,,,,
"Dec 5, 2010 12:00 PM",,,,,,,,,,24,8,16,,,,,,,,,
"Dec 5, 2010 1:00 PM",,,,,,,,,,33,9,24,,,,,,,,,
"Dec 5, 2010 2:00 PM",,,,,,,,,,8,3,5,,,,,,,,,
"Dec 5, 2010 3:00 PM",,,,,,,,,,8,4,4,,,,,,,,,
"Dec 5, 2010 4:00 PM",,,,,,,,,,17,4,13,,,,,,,,,
"Dec 5, 2010 5:00 PM",,,,,,,,,,12,8,4,,,,,,,,,
"Dec 5, 2010 6:00 PM",,,,,,,,,,7,3,4,,,,,,,,,
"Dec 5, 2010 7:00 PM",,,,,,,,,,4,4,0,,,,,,,,,
"Dec 5, 2010 8:00 PM",,,,,,,,,,3,2,1,,,,,,,,,
"Dec 5, 2010 9:00 PM",,,,,,,,,,3,0,3,,,,,,,,,
"Dec 5, 2010 10:00 PM",,,,,,,,,,0,0,0,,,,,,,,,
"Dec 5, 2010 11:00 PM",,,,,,,,,,0,0,0,,,,,,,,,
"Dec 6, 2010 12:00 AM",,,,,,,,,,1,0,1,,,,,,,,,
"Dec 6, 2010 1:00 AM",,,,,,,,,,0,0,0,,,,,,,,,
"Dec 6, 2010 2:00 AM",,,,,,,,,,0,0,0,,,,,,,,,
"Dec 6, 2010 3:00 AM",,,,,,,,,,0,0,0,,,,,,,,,
"Dec 6, 2010 4:00 AM",,,,,,,,,,0,0,0,,,,,,,,,
"Dec 6, 2010 5:00 AM",,,,,,,,,,0,0,0,,,,,,,,,
"Dec 6, 2010 6:00 AM",,,,,,,,,,1,1,0,,,,,,,,,
"Dec 6, 2010 7:00 AM",,,,,,,,,,8,8,0,,,,,,,,,
"Dec 6, 2010 8:00 AM",,,,,,,,,,20,10,10,,,,,,,,,
"Dec 6, 2010 9:00 AM",,,,,,,,,,14,7,7,,,,,,,,,
"Dec 6, 2010 10:00 AM",,,,,,,,,,12,5,7,,,,,,,,,
"Dec 6, 2010 11:00 AM",,,,,,,,,,15,5,10,,,,,,,,,
"Dec 6, 2010 12:00 PM",,,,,,,,,,13,3,10,,,,,,,,,
"Dec 6, 2010 1:00 PM",,,,,,,,,,7,2,5,,,,,,,,,
"Dec 6, 2010 2:00 PM",,,,,,,,,,11,4,7,,,,,,,,,
"Dec 6, 2010 3:00 PM",,,,,,,,,,22,9,13,,,,,,,,,
"Dec 6, 2010 4:00 PM",,,,,,,,,,5,3,2,,,,,,,,,
"Dec 6, 2010 5:00 PM",,,,,,,,,,11,4,7,,,,,,,,,
"Dec 6, 2010 6:00 PM",,,,,,,,,,0,0,0,,,,,,,,,
"Dec 6, 2010 7:00 PM",,,,,,,,,,4,1,3,,,,,,,,,
"Dec 6, 2010 8:00 PM",,,,,,,,,,5,1,4,,,,,,,,,
"Dec 6, 2010 9:00 PM",,,,,,,,,,1,0,1,,,,,,,,,
"Dec 6, 2010 10:00 PM",,,,,,,,,,0,0,0,,,,,,,,,
"Dec 6, 2010 11:00 PM",,,,,,,,,,1,0,1,,,,,,,,,
"Dec 7, 2010 12:00 AM",,,,,,,,,,3,3,0,,,,,,,,,
"Dec 7, 2010 1:00 AM",,,,,,,,,,0,0,0,,,,,,,,,
"Dec 7, 2010 2:00 AM",,,,,,,,,,0,0,0,,,,,,,,,
"Dec 7, 2010 3:00 AM",,,,,,,,,,0,0,0,,,,,,,,,
"Dec 7, 2010 4:00 AM",,,,,,,,,,0,0,0,,,,,,,,,
"Dec 7, 2010 5:00 AM",,,,,,,,,,0,0,0,,,,,,,,,
"Dec 7, 2010 6:00 AM",,,,,,,,,,2,1,1,,,,,,,,,
"Dec 7, 2010 7:00 AM",,,,,,,,,,8,3,5,,,,,,,,,
"Dec 7, 2010 8:00 AM",,,,,,,,,,25,14,11,,,,,,,,,
"Dec 7, 2010 9:00 AM",,,,,,,,,,19,8,11,,,,,,,,,
"Dec 7, 2010 10:00 AM",,,,,,,,,,9,6,3,,,,,,,,,
"Dec 7, 2010 11:00 AM",,,,,,,,,,4,1,3,,,,,,,,,
"Dec 7, 2010 12:00 PM",,,,,,,,,,8,1,7,,,,,,,,,
"Dec 7, 2010 1:00 PM",,,,,,,,,,7,3,4,,,,,,,,,
"Dec 7, 2010 2:00 PM",,,,,,,,,,10,4,6,,,,,,,,,
"Dec 7, 2010 3:00 PM",,,,,,,,,,7,6,1,,,,,,,,,
"Dec 7, 2010 4:00 PM",,,,,,,,,,9,4,5,,,,,,,,,
"Dec 7, 2010 5:00 PM",,,,,,,,,,11,6,5,,,,,,,,,
"Dec 7, 2010 6:00 PM",,,,,,,,,,5,2,3,,,,,,,,,
"Dec 7, 2010 7:00 PM",,,,,,,,,,3,2,1,,,,,,,,,
"Dec 7, 2010 8:00 PM",,,,,,,,,,4,1,3,,,,,,,,,
"Dec 7, 2010 9:00 PM",,,,,,,,,,1,1,0,,,,,,,,,
"Dec 7, 2010 10:00 PM",,,,,,,,,,3,1,2,,,,,,,,,
"Dec 7, 2010 11:00 PM",,,,,,,,,,6,5,1,,,,,,,,,
"Dec 8, 2010 12:00 AM",,,,,,,,,,0,0,0,,,,,,,,,
"Dec 8, 2010 1:00 AM",,,,,,,,,,0,0,0,,,,,,,,,
"Dec 8, 2010 2:00 AM",,,,,,,,,,0,0,0,,,,,,,,,
"Dec 8, 2010 3:00 AM",,,,,,,,,,0,0,0,,,,,,,,,
"Dec 8, 2010 4:00 AM",,,,,,,,,,0,0,0,,,,,,,,,
"Dec 8, 2010 5:00 AM",,,,,,,,,,0,0,0,,,,,,,,,
"Dec 8, 2010 6:00 AM",,,,,,,,,,0,0,0,,,,,,,,,
"Dec 8, 2010 7:00 AM",,,,,,,,,,4,3,1,,,,,,,,,
"Dec 8, 2010 8:00 AM",,,,,,,,,,8,5,3,,,,,,,,,
"Dec 8, 2010 9:00 AM",,,,,,,,,,10,6,4,,,,,,,,,
"Dec 8, 2010 10:00 AM",,,,,,,,,,7,1,6,,,,,,,,,
"Dec 8, 2010 11:00 AM",,,,,,,,,,11,8,3,,,,,,,,,
"Dec 8, 2010 12:00 PM",,,,,,,,,,7,1,6,,,,,,,,,
"Dec 8, 2010 1:00 PM",,,,,,,,,,19,9,10,,,,,,,,,
"Dec 8, 2010 2:00 PM",,,,,,,,,,14,8,6,,,,,,,,,
"Dec 8, 2010 3:00 PM",,,,,,,,,,32,14,18,,,,,,,,,
"Dec 8, 2010 4:00 PM",,,,,,,,,,11,8,3,,,,,,,,,
"Dec 8, 2010 5:00 PM",,,,,,,,,,8,6,2,,,,,,,,,
"Dec 8, 2010 6:00 PM",,,,,,,,,,4,3,1,,,,,,,,,
"Dec 8, 2010 7:00 PM",,,,,,,,,,2,0,2,,,,,,,,,
"Dec 8, 2010 8:00 PM",,,,,,,,,,2,2,0,,,,,,,,,
"Dec 8, 2010 9:00 PM",,,,,,,,,,0,0,0,,,,,,,,,
"Dec 8, 2010 10:00 PM",,,,,,,,,,1,1,0,,,,,,,,,
"Dec 8, 2010 11:00 PM",,,,,,,,,,2,1,1,,,,,,,,,
"Dec 9, 2010 12:00 AM",,,,,,,,,,0,0,0,,,,,,,,,
"Dec 9, 2010 1:00 AM",,,,,,,,,,0,0,0,,,,,,,,,
"Dec 9, 2010 2:00 AM",,,,,,,,,,0,0,0,,,,,,,,,
"Dec 9, 2010 3:00 AM",,,,,,,,,,0,0,0,,,,,,,,,
"Dec 9, 2010 4:00 AM",,,,,,,,,,0,0,0,,,,,,,,,
"Dec 9, 2010 5:00 AM",,,,,,,,,,0,0,0,,,,,,,,,
"Dec 9, 2010 6:00 AM",,,,,,,,,,2,0,2,,,,,,,,,
"Dec 9, 2010 7:00 AM",,,,,,,,,,4,2,2,,,,,,,,,
"Dec 9, 2010 8:00 AM",,,,,,,,,,16,13,3,,,,,,,,,
"Dec 9, 2010 9:00 AM",,,,,,,,,,2,2,0,,,,,,,,,
"Dec 9, 2010 10:00 AM",,,,,,,,,,4,1,3,,,,,,,,,
"Dec 9, 2010 11:00 AM",,,,,,,,,,0,0,0,,,,,,,,,
"Dec 9, 2010 12:00 PM",,,,,,,,,,2,1,1,,,,,,,,,
"Dec 9, 2010 1:00 PM",,,,,,,,,,4,2,2,,,,,,,,,
"Dec 9, 2010 2:00 PM",,,,,,,,,,1,1,0,,,,,,,,,
"Dec 9, 2010 3:00 PM",,,,,,,,,,6,2,4,,,,,,,,,
"Dec 9, 2010 4:00 PM",,,,,,,,,,3,0,3,,,,,,,,,
"Dec 9, 2010 5:00 PM",,,,,,,,,,3,1,2,,,,,,,,,
"Dec 9, 2010 6:00 PM",,,,,,,,,,3,1,2,,,,,,,,,
"Dec 9, 2010 7:00 PM",,,,,,,,,,0,0,0,,,,,,,,,
"Dec 9, 2010 8:00 PM",,,,,,,,,,1,1,0,,,,,,,,,
"Dec 9, 2010 9:00 PM",,,,,,,,,,0,0,0,,,,,,,,,
"Dec 9, 2010 10:00 PM",,,,,,,,,,0,0,0,,,,,,,,,
"Dec 9, 2010 11:00 PM",,,,,,,,,,2,1,1,,,,,,,,,
"Dec 10, 2010 12:00 AM",,,,,,,,,,2,1,1,,,,,,,,,
"Dec 10, 2010 1:00 AM",,,,,,,,,,0,0,0,,,,,,,,,
"Dec 10, 2010 2:00 AM",,,,,,,,,,0,0,0,,,,,,,,,
"Dec 10, 2010 3:00 AM",,,,,,,,,,0,0,0,,,,,,,,,
"Dec 10, 2010 4:00 AM",,,,,,,,,,0,0,0,,,,,,,,,
"Dec 10, 2010 5:00 AM",,,,,,,,,,0,0,0,,,,,,,,,
"Dec 10, 2010 6:00 AM",,,,,,,,,,0,0,0,,,,,,,,,
"Dec 10, 2010 7:00 AM",,,,,,,,,,3,2,1,,,,,,,,,
"Dec 10, 2010 8:00 AM",,,,,,,,,,6,3,3,,,,,,,,,
"Dec 10, 2010 9:00 AM",,,,,,,,,,2,0,2,,,,,,,,,
"Dec 10, 2010 10:00 AM",,,,,,,,,,7,3,4,,,,,,,,,
"Dec 10, 2010 11:00 AM",,,,,,,,,,3,2,1,,,,,,,,,
"Dec 10, 2010 12:00 PM",,,,,,,,,,1,0,1,,,,,,,,,
"Dec 10, 2010 1:00 PM",,,,,,,,,,5,3,2,,,,,,,,,
"Dec 10, 2010 2:00 PM",,,,,,,,,,7,0,7,,,,,,,,,
"Dec 10, 2010 3:00 PM",,,,,,,,,,5,2,3,,,,,,,,,
"Dec 10, 2010 4:00 PM",,,,,,,,,,8,3,5,,,,,,,,,
"Dec 10, 2010 5:00 PM",,,,,,,,,,9,1,8,,,,,,,,,
"Dec 10, 2010 6:00 PM",,,,,,,,,,4,2,2,,,,,,,,,
"Dec 10, 2010 7:00 PM",,,,,,,,,,6,3,3,,,,,,,,,
"Dec 10, 2010 8:00 PM",,,,,,,,,,2,1,1,,,,,,,,,
"Dec 10, 2010 9:00 PM",,,,,,,,,,2,2,0,,,,,,,,,
"Dec 10, 2010 10:00 PM",,,,,,,,,,1,1,0,,,,,,,,,
"Dec 10, 2010 11:00 PM",,,,,,,,,,4,2,2,,,,,,,,,
"Dec 11, 2010 12:00 AM",,,,,,,,,,0,0,0,,,,,,,,,
"Dec 11, 2010 1:00 AM",,,,,,,,,,2,1,1,,,,,,,,,
"Dec 11, 2010 2:00 AM",,,,,,,,,,0,0,0,,,,,,,,,
"Dec 11, 2010 3:00 AM",,,,,,,,,,0,0,0,,,,,,,,,
"Dec 11, 2010 4:00 AM",,,,,,,,,,0,0,0,,,,,,,,,
"Dec 11, 2010 5:00 AM",,,,,,,,,,0,0,0,,,,,,,,,
"Dec 11, 2010 6:00 AM",,,,,,,,,,1,0,1,,,,,,,,,
"Dec 11, 2010 7:00 AM",,,,,,,,,,8,4,4,,,,,,,,,
"Dec 11, 2010 8:00 AM",,,,,,,,,,6,1,5,,,,,,,,,
"Dec 11, 2010 9:00 AM",,,,,,,,,,13,8,5,,,,,,,,,
"Dec 11, 2010 10:00 AM",,,,,,,,,,12,5,7,,,,,,,,,
"Dec 11, 2010 11:00 AM",,,,,,,,,,8,5,3,,,,,,,,,
"Dec 11, 2010 12:00 PM",,,,,,,,,,9,4,5,,,,,,,,,
"Dec 11, 2010 1:00 PM",,,,,,,,,,6,3,3,,,,,,,,,
"Dec 11, 2010 2:00 PM",,,,,,,,,,24,8,16,,,,,,,,,
"Dec 11, 2010 3:00 PM",,,,,,,,,,20,6,14,,,,,,,,,
"Dec 11, 2010 4:00 PM",,,,,,,,,,12,7,5,,,,,,,,,
"Dec 11, 2010 5:00 PM",,,,,,,,,,11,4,7,,,,,,,,,
"Dec 11, 2010 6:00 PM",,,,,,,,,,8,4,4,,,,,,,,,
"Dec 11, 2010 7:00 PM",,,,,,,,,,3,1,2,,,,,,,,,
"Dec 11, 2010 8:00 PM",,,,,,,,,,5,2,3,,,,,,,,,
"Dec 11, 2010 9:00 PM",,,,,,,,,,2,1,1,,,,,,,,,
"Dec 11, 2010 10:00 PM",,,,,,,,,,0,0,0,,,,,,,,,
"Dec 11, 2010 11:00 PM",,,,,,,,,,0,0,0,,,,,,,,,
"Dec 12, 2010 12:00 AM",,,,,,,,,,3,3,0,,,,,,,,,
"Dec 12, 2010 1:00 AM",,,,,,,,,,1,0,1,,,,,,,,,
"Dec 12, 2010 2:00 AM",,,,,,,,,,1,0,1,,,,,,,,,
"Dec 12, 2010 3:00 AM",,,,,,,,,,2,0,2,,,,,,,,,
"Dec 12, 2010 4:00 AM",,,,,,,,,,0,0,0,,,,,,,,,
"Dec 12, 2010 5:00 AM",,,,,,,,,,0,0,0,,,,,,,,,
"Dec 12, 2010 6:00 AM",,,,,,,,,,0,0,0,,,,,,,,,
"Dec 12, 2010 7:00 AM",,,,,,,,,,3,3,0,,,,,,,,,
"Dec 12, 2010 8:00 AM",,,,,,,,,,7,5,2,,,,,,,,,
"Dec 12, 2010 9:00 AM",,,,,,,,,,8,2,6,,,,,,,,,
"Dec 12, 2010 10:00 AM",,,,,,,,,,17,10,7,,,,,,,,,
"Dec 12, 2010 11:00 AM",,,,,,,,,,16,4,12,,,,,,,,,
"Dec 12, 2010 12:00 PM",,,,,,,,,,18,8,10,,,,,,,,,
"Dec 12, 2010 1:00 PM",,,,,,,,,,7,3,4,,,,,,,,,
"Dec 12, 2010 2:00 PM",,,,,,,,,,20,13,7,,,,,,,,,
"Dec 12, 2010 3:00 PM",,,,,,,,,,22,8,14,,,,,,,,,
"Dec 12, 2010 4:00 PM",,,,,,,,,,14,6,8,,,,,,,,,
"Dec 12, 2010 5:00 PM",,,,,,,,,,8,5,3,,,,,,,,,
"Dec 12, 2010 6:00 PM",,,,,,,,,,3,2,1,,,,,,,,,
"Dec 12, 2010 7:00 PM",,,,,,,,,,7,3,4,,,,,,,,,
"Dec 12, 2010 8:00 PM",,,,,,,,,,5,2,3,,,,,,,,,
"Dec 12, 2010 9:00 PM",,,,,,,,,,8,3,5,,,,,,,,,
"Dec 12, 2010 10:00 PM",,,,,,,,,,1,1,0,,,,,,,,,
"Dec 12, 2010 11:00 PM",,,,,,,,,,0,0,0,,,,,,,,,
"Dec 13, 2010 12:00 AM",,,,,,,,,,1,0,1,,,,,,,,,
"Dec 13, 2010 1:00 AM",,,,,,,,,,0,0,0,,,,,,,,,
"Dec 13, 2010 2:00 AM",,,,,,,,,,0,0,0,,,,,,,,,
"Dec 13, 2010 3:00 AM",,,,,,,,,,0,0,0,,,,,,,,,
"Dec 13, 2010 4:00 AM",,,,,,,,,,0,0,0,,,,,,,,,
"Dec 13, 2010 5:00 AM",,,,,,,,,,0,0,0,,,,,,,,,
"Dec 13, 2010 6:00 AM",,,,,,,,,,0,0,0,,,,,,,,,
"Dec 13, 2010 7:00 AM",,,,,,,,,,5,4,1,,,,,,,,,
"Dec 13, 2010 8:00 AM",,,,,,,,,,18,11,7,,,,,,,,,
"Dec 13, 2010 9:00 AM",,,,,,,,,,14,7,7,,,,,,,,,
"Dec 13, 2010 10:00 AM",,,,,,,,,,11,3,8,,,,,,,,,
"Dec 13, 2010 11:00 AM",,,,,,,,,,13,6,7,,,,,,,,,
"Dec 13, 2010 12:00 PM",,,,,,,,,,6,3,3,,,,,,,,,
"Dec 13, 2010 1:00 PM",,,,,,,,,,10,6,4,,,,,,,,,
"Dec 13, 2010 2:00 PM",,,,,,,,,,15,6,9,,,,,,,,,
"Dec 13, 2010 3:00 PM",,,,,,,,,,14,8,6,,,,,,,,,
"Dec 13, 2010 4:00 PM",,,,,,,,,,7,3,4,,,,,,,,,
"Dec 13, 2010 5:00 PM",,,,,,,,,,7,5,2,,,,,,,,,
"Dec 13, 2010 6:00 PM",,,,,,,,,,14,5,9,,,,,,,,,
"Dec 13, 2010 7:00 PM",,,,,,,,,,8,2,6,,,,,,,,,
"Dec 13, 2010 8:00 PM",,,,,,,,,,4,2,2,,,,,,,,,
"Dec 13, 2010 9:00 PM",,,,,,,,,,3,2,1,,,,,,,,,
"Dec 13, 2010 10:00 PM",,,,,,,,,,4,3,1,,,,,,,,,
"Dec 13, 2010 11:00 PM",,,,,,,,,,1,0,1,,,,,,,,,
"Dec 14, 2010 12:00 AM",,,,,,,,,,1,1,0,,,,,,,,,
"Dec 14, 2010 1:00 AM",,,,,,,,,,2,1,1,,,,,,,,,
"Dec 14, 2010 2:00 AM",,,,,,,,,,0,0,0,,,,,,,,,
"Dec 14, 2010 3:00 AM",,,,,,,,,,0,0,0,,,,,,,,,
"Dec 14, 2010 4:00 AM",,,,,,,,,,0,0,0,,,,,,,,,
"Dec 14, 2010 5:00 AM",,,,,,,,,,0,0,0,,,,,,,,,
"Dec 14, 2010 6:00 AM",,,,,,,,,,1,1,0,,,,,,,,,
"Dec 14, 2010 7:00 AM",,,,,,,,,,9,5,4,,,,,,,,,
"Dec 14, 2010 8:00 AM",,,,,,,,,,21,13,8,,,,,,,,,
"Dec 14, 2010 9:00 AM",,,,,,,,,,14,7,7,,,,,,,,,
"Dec 14, 2010 10:00 AM",,,,,,,,,,27,20,7,,,,,,,,,
"Dec 14, 2010 11:00 AM",,,,,,,,,,24,15,9,,,,,,,,,
"Dec 14, 2010 12:00 PM",,,,,,,,,,8,6,2,,,,,,,,,
"Dec 14, 2010 1:00 PM",,,,,,,,,,15,7,8,,,,,,,,,
"Dec 14, 2010 2:00 PM",,,,,,,,,,12,2,10,,,,,,,,,
"Dec 14, 2010 3:00 PM",,,,,,,,,,11,5,6,,,,,,,,,
"Dec 14, 2010 4:00 PM",,,,,,,,,,12,6,6,,,,,,,,,
"Dec 14, 2010 5:00 PM",,,,,,,,,,10,7,3,,,,,,,,,
"Dec 14, 2010 6:00 PM",,,,,,,,,,10,8,2,,,,,,,,,
"Dec 14, 2010 7:00 PM",,,,,,,,,,4,3,1,,,,,,,,,
"Dec 14, 2010 8:00 PM",,,,,,,,,,5,2,3,,,,,,,,,
"Dec 14, 2010 9:00 PM",,,,,,,,,,1,0,1,,,,,,,,,
"Dec 14, 2010 10:00 PM",,,,,,,,,,3,1,2,,,,,,,,,
"Dec 14, 2010 11:00 PM",,,,,,,,,,1,0,1,,,,,,,,,
"Dec 15, 2010 12:00 AM",,,,,,,,,,2,0,2,,,,,,,,,
"Dec 15, 2010 1:00 AM",,,,,,,,,,1,1,0,,,,,,,,,
"Dec 15, 2010 2:00 AM",,,,,,,,,,1,1,0,,,,,,,,,
"Dec 15, 2010 3:00 AM",,,,,,,,,,0,0,0,,,,,,,,,
"Dec 15, 2010 4:00 AM",,,,,,,,,,0,0,0,,,,,,,,,
"Dec 15, 2010 5:00 AM",,,,,,,,,,0,0,0,,,,,,,,,
"Dec 15, 2010 6:00 AM",,,,,,,,,,2,2,0,,,,,,,,,
"Dec 15, 2010 7:00 AM",,,,,,,,,,7,4,3,,,,,,,,,
"Dec 15, 2010 8:00 AM",,,,,,,,,,22,16,6,,,,,,,,,
"Dec 15, 2010 9:00 AM",,,,,,,,,,19,10,9,,,,,,,,,
"Dec 15, 2010 10:00 AM",,,,,,,,,,17,5,12,,,,,,,,,
"Dec 15, 2010 11:00 AM",,,,,,,,,,14,10,4,,,,,,,,,
"Dec 15, 2010 12:00 PM",,,,,,,,,,9,3,6,,,,,,,,,
"Dec 15, 2010 1:00 PM",,,,,,,,,,8,5,3,,,,,,,,,
"Dec 15, 2010 2:00 PM",,,,,,,,,,16,7,9,,,,,,,,,
"Dec 15, 2010 3:00 PM",,,,,,,,,,12,4,8,,,,,,,,,
"Dec 15, 2010 4:00 PM",,,,,,,,,,3,0,3,,,,,,,,,
"Dec 15, 2010 5:00 PM",,,,,,,,,,9,6,3,,,,,,,,,
"Dec 15, 2010 6:00 PM",,,,,,,,,,12,7,5,,,,,,,,,
"Dec 15, 2010 7:00 PM",,,,,,,,,,6,4,2,,,,,,,,,
"Dec 15, 2010 8:00 PM",,,,,,,,,,3,3,0,,,,,,,,,
"Dec 15, 2010 9:00 PM",,,,,,,,,,6,2,4,,,,,,,,,
"Dec 15, 2010 10:00 PM",,,,,,,,,,4,2,2,,,,,,,,,
"Dec 15, 2010 11:00 PM",,,,,,,,,,7,5,2,,,,,,,,,
"Dec 16, 2010 12:00 AM",,,,,,,,,,4,1,3,,,,,,,,,
"Dec 16, 2010 1:00 AM",,,,,,,,,,0,0,0,,,,,,,,,
"Dec 16, 2010 2:00 AM",,,,,,,,,,0,0,0,,,,,,,,,
"Dec 16, 2010 3:00 AM",,,,,,,,,,0,0,0,,,,,,,,,
"Dec 16, 2010 4:00 AM",,,,,,,,,,0,0,0,,,,,,,,,
"Dec 16, 2010 5:00 AM",,,,,,,,,,0,0,0,,,,,,,,,
"Dec 16, 2010 6:00 AM",,,,,,,,,,3,2,1,,,,,,,,,
"Dec 16, 2010 7:00 AM",,,,,,,,,,4,3,1,,,,,,,,,
"Dec 16, 2010 8:00 AM",,,,,,,,,,15,10,5,,,,,,,,,
"Dec 16, 2010 9:00 AM",,,,,,,,,,10,4,6,,,,,,,,,
"Dec 16, 2010 10:00 AM",,,,,,,,,,5,3,2,,,,,,,,,
"Dec 16, 2010 11:00 AM",,,,,,,,,,15,8,7,,,,,,,,,
"Dec 16, 2010 12:00 PM",,,,,,,,,,8,5,3,,,,,,,,,
"Dec 16, 2010 1:00 PM",,,,,,,,,,7,4,3,,,,,,,,,
"Dec 16, 2010 2:00 PM",,,,,,,,,,9,3,6,,,,,,,,,
"Dec 16, 2010 3:00 PM",,,,,,,,,,7,4,3,,,,,,,,,
"Dec 16, 2010 4:00 PM",,,,,,,,,,18,9,9,,,,,,,,,
"Dec 16, 2010 5:00 PM",,,,,,,,,,9,4,5,,,,,,,,,
"Dec 16, 2010 6:00 PM",,,,,,,,,,5,4,1,,,,,,,,,
"Dec 16, 2010 7:00 PM",,,,,,,,,,10,8,2,,,,,,,,,
"Dec 16, 2010 8:00 PM",,,,,,,,,,3,0,3,,,,,,,,,
"Dec 16, 2010 9:00 PM",,,,,,,,,,2,0,2,,,,,,,,,
"Dec 16, 2010 10:00 PM",,,,,,,,,,1,0,1,,,,,,,,,
"Dec 16, 2010 11:00 PM",,,,,,,,,,2,1,1,,,,,,,,,
"Dec 17, 2010 12:00 AM",,,,,,,,,,0,0,0,,,,,,,,,
"Dec 17, 2010 1:00 AM",,,,,,,,,,1,1,0,,,,,,,,,
"Dec 17, 2010 2:00 AM",,,,,,,,,,0,0,0,,,,,,,,,
"Dec 17, 2010 3:00 AM",,,,,,,,,,0,0,0,,,,,,,,,
"Dec 17, 2010 4:00 AM",,,,,,,,,,0,0,0,,,,,,,,,
"Dec 17, 2010 5:00 AM",,,,,,,,,,0,0,0,,,,,,,,,
"Dec 17, 2010 6:00 AM",,,,,,,,,,2,1,1,,,,,,,,,
"Dec 17, 2010 7:00 AM",,,,,,,,,,5,4,1,,,,,,,,,
"Dec 17, 2010 8:00 AM",,,,,,,,,,16,10,6,,,,,,,,,
"Dec 17, 2010 9:00 AM",,,,,,,,,,22,13,9,,,,,,,,,
"Dec 17, 2010 10:00 AM",,,,,,,,,,9,5,4,,,,,,,,,
"Dec 17, 2010 11:00 AM",,,,,,,,,,10,5,5,,,,,,,,,
"Dec 17, 2010 12:00 PM",,,,,,,,,,11,1,10,,,,,,,,,
"Dec 17, 2010 1:00 PM",,,,,,,,,,12,8,4,,,,,,,,,
"Dec 17, 2010 2:00 PM",,,,,,,,,,15,11,4,,,,,,,,,
"Dec 17, 2010 3:00 PM",,,,,,,,,,10,2,8,,,,,,,,,
"Dec 17, 2010 4:00 PM",,,,,,,,,,14,5,9,,,,,,,,,
"Dec 17, 2010 5:00 PM",,,,,,,,,,10,4,6,,,,,,,,,
"Dec 17, 2010 6:00 PM",,,,,,,,,,11,9,2,,,,,,,,,
"Dec 17, 2010 7:00 PM",,,,,,,,,,5,2,3,,,,,,,,,
"Dec 17, 2010 8:00 PM",,,,,,,,,,5,3,2,,,,,,,,,
"Dec 17, 2010 9:00 PM",,,,,,,,,,6,2,4,,,,,,,,,
"Dec 17, 2010 10:00 PM",,,,,,,,,,3,1,2,,,,,,,,,
"Dec 17, 2010 11:00 PM",,,,,,,,,,2,1,1,,,,,,,,,
"Dec 18, 2010 12:00 AM",,,,,,,,,,1,1,0,,,,,,,,,
"Dec 18, 2010 1:00 AM",,,,,,,,,,0,0,0,,,,,,,,,
"Dec 18, 2010 2:00 AM",,,,,,,,,,2,2,0,,,,,,,,,
"Dec 18, 2010 3:00 AM",,,,,,,,,,0,0,0,,,,,,,,,
"Dec 18, 2010 4:00 AM",,,,,,,,,,0,0,0,,,,,,,,,
"Dec 18, 2010 5:00 AM",,,,,,,,,,1,0,1,,,,,,,,,
"Dec 18, 2010 6:00 AM",,,,,,,,,,1,0,1,,,,,,,,,
"Dec 18, 2010 7:00 AM",,,,,,,,,,2,1,1,,,,,,,,,
"Dec 18, 2010 8:00 AM",,,,,,,,,,5,3,2,,,,,,,,,
"Dec 18, 2010 9:00 AM",,,,,,,,,,7,4,3,,,,,,,,,
"Dec 18, 2010 10:00 AM",,,,,,,,,,14,8,6,,,,,,,,,
"Dec 18, 2010 11:00 AM",,,,,,,,,,21,6,15,,,,,,,,,
"Dec 18, 2010 12:00 PM",,,,,,,,,,17,10,7,,,,,,,,,
"Dec 18, 2010 1:00 PM",,,,,,,,,,15,4,11,,,,,,,,,
"Dec 18, 2010 2:00 PM",,,,,,,,,,7,4,3,,,,,,,,,
"Dec 18, 2010 3:00 PM",,,,,,,,,,13,9,4,,,,,,,,,
"Dec 18, 2010 4:00 PM",,,,,,,,,,63,32,31,,,,,,,,,
"Dec 18, 2010 5:00 PM",,,,,,,,,,5,4,1,,,,,,,,,
"Dec 18, 2010 6:00 PM",,,,,,,,,,10,3,7,,,,,,,,,
"Dec 18, 2010 7:00 PM",,,,,,,,,,3,3,0,,,,,,,,,
"Dec 18, 2010 8:00 PM",,,,,,,,,,5,2,3,,,,,,,,,
"Dec 18, 2010 9:00 PM",,,,,,,,,,6,2,4,,,,,,,,,
"Dec 18, 2010 10:00 PM",,,,,,,,,,3,0,3,,,,,,,,,
"Dec 18, 2010 11:00 PM",,,,,,,,,,3,2,1,,,,,,,,,
"Dec 19, 2010 12:00 AM",,,,,,,,,,2,1,1,,,,,,,,,
"Dec 19, 2010 1:00 AM",,,,,,,,,,2,0,2,,,,,,,,,
"Dec 19, 2010 2:00 AM",,,,,,,,,,3,3,0,,,,,,,,,
"Dec 19, 2010 3:00 AM",,,,,,,,,,1,1,0,,,,,,,,,
"Dec 19, 2010 4:00 AM",,,,,,,,,,0,0,0,,,,,,,,,
"Dec 19, 2010 5:00 AM",,,,,,,,,,1,0,1,,,,,,,,,
"Dec 19, 2010 6:00 AM",,,,,,,,,,0,0,0,,,,,,,,,
"Dec 19, 2010 7:00 AM",,,,,,,,,,1,1,0,,,,,,,,,
"Dec 19, 2010 8:00 AM",,,,,,,,,,3,1,2,,,,,,,,,
"Dec 19, 2010 9:00 AM",,,,,,,,,,11,5,6,,,,,,,,,
"Dec 19, 2010 10:00 AM",,,,,,,,,,15,5,10,,,,,,,,,
"Dec 19, 2010 11:00 AM",,,,,,,,,,12,6,6,,,,,,,,,
"Dec 19, 2010 12:00 PM",,,,,,,,,,12,7,5,,,,,,,,,
"Dec 19, 2010 1:00 PM",,,,,,,,,,17,8,9,,,,,,,,,
"Dec 19, 2010 2:00 PM",,,,,,,,,,15,9,6,,,,,,,,,
"Dec 19, 2010 3:00 PM",,,,,,,,,,9,5,4,,,,,,,,,
"Dec 19, 2010 4:00 PM",,,,,,,,,,10,8,2,,,,,,,,,
"Dec 19, 2010 5:00 PM",,,,,,,,,,5,0,5,,,,,,,,,
"Dec 19, 2010 6:00 PM",,,,,,,,,,5,1,4,,,,,,,,,
"Dec 19, 2010 7:00 PM",,,,,,,,,,5,3,2,,,,,,,,,
"Dec 19, 2010 8:00 PM",,,,,,,,,,7,3,4,,,,,,,,,
"Dec 19, 2010 9:00 PM",,,,,,,,,,4,2,2,,,,,,,,,
"Dec 19, 2010 10:00 PM",,,,,,,,,,1,0,1,,,,,,,,,
"Dec 19, 2010 11:00 PM",,,,,,,,,,7,5,2,,,,,,,,,
"Dec 20, 2010 12:00 AM",,,,,,,,,,0,0,0,,,,,,,,,
"Dec 20, 2010 1:00 AM",,,,,,,,,,0,0,0,,,,,,,,,
"Dec 20, 2010 2:00 AM",,,,,,,,,,1,1,0,,,,,,,,,
"Dec 20, 2010 3:00 AM",,,,,,,,,,0,0,0,,,,,,,,,
"Dec 20, 2010 4:00 AM",,,,,,,,,,0,0,0,,,,,,,,,
"Dec 20, 2010 5:00 AM",,,,,,,,,,0,0,0,,,,,,,,,
"Dec 20, 2010 6:00 AM",,,,,,,,,,1,1,0,,,,,,,,,
"Dec 20, 2010 7:00 AM",,,,,,,,,,9,8,1,,,,,,,,,
"Dec 20, 2010 8:00 AM",,,,,,,,,,12,8,4,,,,,,,,,
"Dec 20, 2010 9:00 AM",,,,,,,,,,13,8,5,,,,,,,,,
"Dec 20, 2010 10:00 AM",,,,,,,,,,11,3,8,,,,,,,,,
"Dec 20, 2010 11:00 AM",,,,,,,,,,21,9,12,,,,,,,,,
"Dec 20, 2010 12:00 PM",,,,,,,,,,11,5,6,,,,,,,,,
"Dec 20, 2010 1:00 PM",,,,,,,,,,17,6,11,,,,,,,,,
"Dec 20, 2010 2:00 PM",,,,,,,,,,19,11,8,,,,,,,,,
"Dec 20, 2010 3:00 PM",,,,,,,,,,29,12,17,,,,,,,,,
"Dec 20, 2010 4:00 PM",,,,,,,,,,13,7,6,,,,,,,,,
"Dec 20, 2010 5:00 PM",,,,,,,,,,16,12,4,,,,,,,,,
"Dec 20, 2010 6:00 PM",,,,,,,,,,18,12,6,,,,,,,,,
"Dec 20, 2010 7:00 PM",,,,,,,,,,10,6,4,,,,,,,,,
"Dec 20, 2010 8:00 PM",,,,,,,,,,5,0,5,,,,,,,,,
"Dec 20, 2010 9:00 PM",,,,,,,,,,7,4,3,,,,,,,,,
"Dec 20, 2010 10:00 PM",,,,,,,,,,4,3,1,,,,,,,,,
"Dec 20, 2010 11:00 PM",,,,,,,,,,7,3,4,,,,,,,,,
"Dec 21, 2010 12:00 AM",,,,,,,,,,0,0,0,,,,,,,,,
"Dec 21, 2010 1:00 AM",,,,,,,,,,1,1,0,,,,,,,,,
"Dec 21, 2010 2:00 AM",,,,,,,,,,0,0,0,,,,,,,,,
"Dec 21, 2010 3:00 AM",,,,,,,,,,1,0,1,,,,,,,,,
"Dec 21, 2010 4:00 AM",,,,,,,,,,0,0,0,,,,,,,,,
"Dec 21, 2010 5:00 AM",,,,,,,,,,0,0,0,,,,,,,,,
"Dec 21, 2010 6:00 AM",,,,,,,,,,1,1,0,,,,,,,,,
"Dec 21, 2010 7:00 AM",,,,,,,,,,8,4,4,,,,,,,,,
"Dec 21, 2010 8:00 AM",,,,,,,,,,12,5,7,,,,,,,,,
"Dec 21, 2010 9:00 AM",,,,,,,,,,42,23,19,,,,,,,,,
"Dec 21, 2010 10:00 AM",,,,,,,,,,20,8,12,,,,,,,,,
"Dec 21, 2010 11:00 AM",,,,,,,,,,11,2,9,,,,,,,,,
"Dec 21, 2010 12:00 PM",,,,,,,,,,18,11,7,,,,,,,,,
"Dec 21, 2010 1:00 PM",,,,,,,,,,11,5,6,,,,,,,,,
"Dec 21, 2010 2:00 PM",,,,,,,,,,36,19,17,,,,,,,,,
"Dec 21, 2010 3:00 PM",,,,,,,,,,19,9,10,,,,,,,,,
"Dec 21, 2010 4:00 PM",,,,,,,,,,28,25,3,,,,,,,,,
"Dec 21, 2010 5:00 PM",,,,,,,,,,25,15,10,,,,,,,,,
"Dec 21, 2010 6:00 PM",,,,,,,,,,14,10,4,,,,,,,,,
"Dec 21, 2010 7:00 PM",,,,,,,,,,23,13,10,,,,,,,,,
"Dec 21, 2010 8:00 PM",,,,,,,,,,6,3,3,,,,,,,,,
"Dec 21, 2010 9:00 PM",,,,,,,,,,3,1,2,,,,,,,,,
"Dec 21, 2010 10:00 PM",,,,,,,,,,2,2,0,,,,,,,,,
"Dec 21, 2010 11:00 PM",,,,,,,,,,8,4,4,,,,,,,,,
"Dec 22, 2010 12:00 AM",,,,,,,,,,5,1,4,,,,,,,,,
"Dec 22, 2010 1:00 AM",,,,,,,,,,4,0,4,,,,,,,,,
"Dec 22, 2010 2:00 AM",,,,,,,,,,0,0,0,,,,,,,,,
"Dec 22, 2010 3:00 AM",,,,,,,,,,0,0,0,,,,,,,,,
"Dec 22, 2010 4:00 AM",,,,,,,,,,1,0,1,,,,,,,,,
"Dec 22, 2010 5:00 AM",,,,,,,,,,0,0,0,,,,,,,,,
"Dec 22, 2010 6:00 AM",,,,,,,,,,1,1,0,,,,,,,,,
"Dec 22, 2010 7:00 AM",,,,,,,,,,8,5,3,,,,,,,,,
"Dec 22, 2010 8:00 AM",,,,,,,,,,11,3,8,,,,,,,,,
"Dec 22, 2010 9:00 AM",,,,,,,,,,23,11,12,,,,,,,,,
"Dec 22, 2010 10:00 AM",,,,,,,,,,13,4,9,,,,,,,,,
"Dec 22, 2010 11:00 AM",,,,,,,,,,25,8,17,,,,,,,,,
"Dec 22, 2010 12:00 PM",,,,,,,,,,25,16,9,,,,,,,,,
"Dec 22, 2010 1:00 PM",,,,,,,,,,35,15,20,,,,,,,,,
"Dec 22, 2010 2:00 PM",,,,,,,,,,41,21,20,,,,,,,,,
"Dec 22, 2010 3:00 PM",,,,,,,,,,16,14,2,,,,,,,,,
"Dec 22, 2010 4:00 PM",,,,,,,,,,16,12,4,,,,,,,,,
"Dec 22, 2010 5:00 PM",,,,,,,,,,25,18,7,,,,,,,,,
"Dec 22, 2010 6:00 PM",,,,,,,,,,32,19,13,,,,,,,,,
"Dec 22, 2010 7:00 PM",,,,,,,,,,6,1,5,,,,,,,,,
"Dec 22, 2010 8:00 PM",,,,,,,,,,16,7,9,,,,,,,,,
"Dec 22, 2010 9:00 PM",,,,,,,,,,8,8,0,,,,,,,,,
"Dec 22, 2010 10:00 PM",,,,,,,,,,4,2,2,,,,,,,,,
"Dec 22, 2010 11:00 PM",,,,,,,,,,6,2,4,,,,,,,,,
"Dec 23, 2010 12:00 AM",,,,,,,,,,2,2,0,,,,,,,,,
"Dec 23, 2010 1:00 AM",,,,,,,,,,4,2,2,,,,,,,,,
"Dec 23, 2010 2:00 AM",,,,,,,,,,0,0,0,,,,,,,,,
"Dec 23, 2010 3:00 AM",,,,,,,,,,0,0,0,,,,,,,,,
"Dec 23, 2010 4:00 AM",,,,,,,,,,1,1,0,,,,,,,,,
"Dec 23, 2010 5:00 AM",,,,,,,,,,0,0,0,,,,,,,,,
"Dec 23, 2010 6:00 AM",,,,,,,,,,1,1,0,,,,,,,,,
"Dec 23, 2010 7:00 AM",,,,,,,,,,6,4,2,,,,,,,,,
"Dec 23, 2010 8:00 AM",,,,,,,,,,9,2,7,,,,,,,,,
"Dec 23, 2010 9:00 AM",,,,,,,,,,14,8,6,,,,,,,,,
"Dec 23, 2010 10:00 AM",,,,,,,,,,20,8,12,,,,,,,,,
"Dec 23, 2010 11:00 AM",,,,,,,,,,20,9,11,,,,,,,,,
"Dec 23, 2010 12:00 PM",,,,,,,,,,20,9,11,,,,,,,,,
"Dec 23, 2010 1:00 PM",,,,,,,,,,9,5,4,,,,,,,,,
"Dec 23, 2010 2:00 PM",,,,,,,,,,29,15,14,,,,,,,,,
"Dec 23, 2010 3:00 PM",,,,,,,,,,33,17,16,,,,,,,,,
"Dec 23, 2010 4:00 PM",,,,,,,,,,16,12,4,,,,,,,,,
"Dec 23, 2010 5:00 PM",,,,,,,,,,21,13,8,,,,,,,,,
"Dec 23, 2010 6:00 PM",,,,,,,,,,9,5,4,,,,,,,,,
"Dec 23, 2010 7:00 PM",,,,,,,,,,14,8,6,,,,,,,,,
"Dec 23, 2010 8:00 PM",,,,,,,,,,6,4,2,,,,,,,,,
"Dec 23, 2010 9:00 PM",,,,,,,,,,5,3,2,,,,,,,,,
"Dec 23, 2010 10:00 PM",,,,,,,,,,3,1,2,,,,,,,,,
"Dec 23, 2010 11:00 PM",,,,,,,,,,6,3,3,,,,,,,,,
"Dec 24, 2010 12:00 AM",,,,,,,,,,4,4,0,,,,,,,,,
"Dec 24, 2010 1:00 AM",,,,,,,,,,2,0,2,,,,,,,,,
"Dec 24, 2010 2:00 AM",,,,,,,,,,1,0,1,,,,,,,,,
"Dec 24, 2010 3:00 AM",,,,,,,,,,3,3,0,,,,,,,,,
"Dec 24, 2010 4:00 AM",,,,,,,,,,0,0,0,,,,,,,,,
"Dec 24, 2010 5:00 AM",,,,,,,,,,0,0,0,,,,,,,,,
"Dec 24, 2010 6:00 AM",,,,,,,,,,2,1,1,,,,,,,,,
"Dec 24, 2010 7:00 AM",,,,,,,,,,2,1,1,,,,,,,,,
"Dec 24, 2010 8:00 AM",,,,,,,,,,7,5,2,,,,,,,,,
"Dec 24, 2010 9:00 AM",,,,,,,,,,7,4,3,,,,,,,,,
"Dec 24, 2010 10:00 AM",,,,,,,,,,23,8,15,,,,,,,,,
"Dec 24, 2010 11:00 AM",,,,,,,,,,29,15,14,,,,,,,,,
"Dec 24, 2010 12:00 PM",,,,,,,,,,15,6,9,,,,,,,,,
"Dec 24, 2010 1:00 PM",,,,,,,,,,21,6,15,,,,,,,,,
"Dec 24, 2010 2:00 PM",,,,,,,,,,27,18,9,,,,,,,,,
"Dec 24, 2010 3:00 PM",,,,,,,,,,30,17,13,,,,,,,,,
"Dec 24, 2010 4:00 PM",,,,,,,,,,26,17,9,,,,,,,,,
"Dec 24, 2010 5:00 PM",,,,,,,,,,16,11,5,,,,,,,,,
"Dec 24, 2010 6:00 PM",,,,,,,,,,5,2,3,,,,,,,,,
"Dec 24, 2010 7:00 PM",,,,,,,,,,8,3,5,,,,,,,,,
"Dec 24, 2010 8:00 PM",,,,,,,,,,7,4,3,,,,,,,,,
"Dec 24, 2010 9:00 PM",,,,,,,,,,3,3,0,,,,,,,,,
"Dec 24, 2010 10:00 PM",,,,,,,,,,6,3,3,,,,,,,,,
"Dec 24, 2010 11:00 PM",,,,,,,,,,17,2,15,,,,,,,,,
"Dec 25, 2010 12:00 AM",,,,,,,,,,25,3,22,,,,,,,,,
"Dec 25, 2010 1:00 AM",,,,,,,,,,8,0,8,,,,,,,,,
"Dec 25, 2010 2:00 AM",,,,,,,,,,0,0,0,,,,,,,,,
"Dec 25, 2010 3:00 AM",,,,,,,,,,0,0,0,,,,,,,,,
"Dec 25, 2010 4:00 AM",,,,,,,,,,0,0,0,,,,,,,,,
"Dec 25, 2010 5:00 AM",,,,,,,,,,0,0,0,,,,,,,,,
"Dec 25, 2010 6:00 AM",,,,,,,,,,0,0,0,,,,,,,,,
"Dec 25, 2010 7:00 AM",,,,,,,,,,3,2,1,,,,,,,,,
"Dec 25, 2010 8:00 AM",,,,,,,,,,7,3,4,,,,,,,,,
"Dec 25, 2010 9:00 AM",,,,,,,,,,21,9,12,,,,,,,,,
"Dec 25, 2010 10:00 AM",,,,,,,,,,12,4,8,,,,,,,,,
"Dec 25, 2010 11:00 AM",,,,,,,,,,25,18,7,,,,,,,,,
"Dec 25, 2010 12:00 PM",,,,,,,,,,23,10,13,,,,,,,,,
"Dec 25, 2010 1:00 PM",,,,,,,,,,8,2,6,,,,,,,,,
"Dec 25, 2010 2:00 PM",,,,,,,,,,17,9,8,,,,,,,,,
"Dec 25, 2010 3:00 PM",,,,,,,,,,12,6,6,,,,,,,,,
"Dec 25, 2010 4:00 PM",,,,,,,,,,11,6,5,,,,,,,,,
"Dec 25, 2010 5:00 PM",,,,,,,,,,2,1,1,,,,,,,,,
"Dec 25, 2010 6:00 PM",,,,,,,,,,3,2,1,,,,,,,,,
"Dec 25, 2010 7:00 PM",,,,,,,,,,5,0,5,,,,,,,,,
"Dec 25, 2010 8:00 PM",,,,,,,,,,4,2,2,,,,,,,,,
"Dec 25, 2010 9:00 PM",,,,,,,,,,4,1,3,,,,,,,,,
"Dec 25, 2010 10:00 PM",,,,,,,,,,6,3,3,,,,,,,,,
"Dec 25, 2010 11:00 PM",,,,,,,,,,11,6,5,,,,,,,,,
"Dec 26, 2010 12:00 AM",,,,,,,,,,0,0,0,,,,,,,,,
"Dec 26, 2010 1:00 AM",,,,,,,,,,0,0,0,,,,,,,,,
"Dec 26, 2010 2:00 AM",,,,,,,,,,0,0,0,,,,,,,,,
"Dec 26, 2010 3:00 AM",,,,,,,,,,2,1,1,,,,,,,,,
"Dec 26, 2010 4:00 AM",,,,,,,,,,0,0,0,,,,,,,,,
"Dec 26, 2010 5:00 AM",,,,,,,,,,0,0,0,,,,,,,,,
"Dec 26, 2010 6:00 AM",,,,,,,,,,0,0,0,,,,,,,,,
"Dec 26, 2010 7:00 AM",,,,,,,,,,4,3,1,,,,,,,,,
"Dec 26, 2010 8:00 AM",,,,,,,,,,3,3,0,,,,,,,,,
"Dec 26, 2010 9:00 AM",,,,,,,,,,3,2,1,,,,,,,,,
"Dec 26, 2010 10:00 AM",,,,,,,,,,9,5,4,,,,,,,,,
"Dec 26, 2010 11:00 AM",,,,,,,,,,5,2,3,,,,,,,,,
"Dec 26, 2010 12:00 PM",,,,,,,,,,12,2,10,,,,,,,,,
"Dec 26, 2010 1:00 PM",,,,,,,,,,14,6,8,,,,,,,,,
"Dec 26, 2010 2:00 PM",,,,,,,,,,32,15,17,,,,,,,,,
"Dec 26, 2010 3:00 PM",,,,,,,,,,13,8,5,,,,,,,,,
"Dec 26, 2010 4:00 PM",,,,,,,,,,14,3,11,,,,,,,,,
"Dec 26, 2010 5:00 PM",,,,,,,,,,2,1,1,,,,,,,,,
"Dec 26, 2010 6:00 PM",,,,,,,,,,3,1,2,,,,,,,,,
"Dec 26, 2010 7:00 PM",,,,,,,,,,1,0,1,,,,,,,,,
"Dec 26, 2010 8:00 PM",,,,,,,,,,1,1,0,,,,,,,,,
"Dec 26, 2010 9:00 PM",,,,,,,,,,4,2,2,,,,,,,,,
"Dec 26, 2010 10:00 PM",,,,,,,,,,1,0,1,,,,,,,,,
"Dec 26, 2010 11:00 PM",,,,,,,,,,1,0,1,,,,,,,,,
"Dec 27, 2010 12:00 AM",,,,,,,,,,0,0,0,,,,,,,,,
"Dec 27, 2010 1:00 AM",,,,,,,,,,2,0,2,,,,,,,,,
"Dec 27, 2010 2:00 AM",,,,,,,,,,0,0,0,,,,,,,,,
"Dec 27, 2010 3:00 AM",,,,,,,,,,1,0,1,,,,,,,,,
"Dec 27, 2010 4:00 AM",,,,,,,,,,0,0,0,,,,,,,,,
"Dec 27, 2010 5:00 AM",,,,,,,,,,0,0,0,,,,,,,,,
"Dec 27, 2010 6:00 AM",,,,,,,,,,0,0,0,,,,,,,,,
"Dec 27, 2010 7:00 AM",,,,,,,,,,0,0,0,,,,,,,,,
"Dec 27, 2010 8:00 AM",,,,,,,,,,2,1,1,,,,,,,,,
"Dec 27, 2010 9:00 AM",,,,,,,,,,4,1,3,,,,,,,,,
"Dec 27, 2010 10:00 AM",,,,,,,,,,9,4,5,,,,,,,,,
"Dec 27, 2010 11:00 AM",,,,,,,,,,27,9,18,,,,,,,,,
"Dec 27, 2010 12:00 PM",,,,,,,,,,26,12,14,,,,,,,,,
"Dec 27, 2010 1:00 PM",,,,,,,,,,21,8,13,,,,,,,,,
"Dec 27, 2010 2:00 PM",,,,,,,,,,24,5,19,,,,,,,,,
"Dec 27, 2010 3:00 PM",,,,,,,,,,35,25,10,,,,,,,,,
"Dec 27, 2010 4:00 PM",,,,,,,,,,15,9,6,,,,,,,,,
"Dec 27, 2010 5:00 PM",,,,,,,,,,6,4,2,,,,,,,,,
"Dec 27, 2010 6:00 PM",,,,,,,,,,3,1,2,,,,,,,,,
"Dec 27, 2010 7:00 PM",,,,,,,,,,11,7,4,,,,,,,,,
"Dec 27, 2010 8:00 PM",,,,,,,,,,5,3,2,,,,,,,,,
"Dec 27, 2010 9:00 PM",,,,,,,,,,0,0,0,,,,,,,,,
"Dec 27, 2010 10:00 PM",,,,,,,,,,5,4,1,,,,,,,,,
"Dec 27, 2010 11:00 PM",,,,,,,,,,4,2,2,,,,,,,,,
"Dec 28, 2010 12:00 AM",,,,,,,,,,0,0,0,,,,,,,,,
"Dec 28, 2010 1:00 AM",,,,,,,,,,1,0,1,,,,,,,,,
"Dec 28, 2010 2:00 AM",,,,,,,,,,2,1,1,,,,,,,,,
"Dec 28, 2010 3:00 AM",,,,,,,,,,0,0,0,,,,,,,,,
"Dec 28, 2010 4:00 AM",,,,,,,,,,0,0,0,,,,,,,,,
"Dec 28, 2010 5:00 AM",,,,,,,,,,0,0,0,,,,,,,,,
"Dec 28, 2010 6:00 AM",,,,,,,,,,0,0,0,,,,,,,,,
"Dec 28, 2010 7:00 AM",,,,,,,,,,2,2,0,,,,,,,,,
"Dec 28, 2010 8:00 AM",,,,,,,,,,8,2,6,,,,,,,,,
"Dec 28, 2010 9:00 AM",,,,,,,,,,7,5,2,,,,,,,,,
"Dec 28, 2010 10:00 AM",,,,,,,,,,18,8,10,,,,,,,,,
"Dec 28, 2010 11:00 AM",,,,,,,,,,25,9,16,,,,,,,,,
"Dec 28, 2010 12:00 PM",,,,,,,,,,33,13,20,,,,,,,,,
"Dec 28, 2010 1:00 PM",,,,,,,,,,45,8,37,,,,,,,,,
"Dec 28, 2010 2:00 PM",,,,,,,,,,37,12,25,,,,,,,,,
"Dec 28, 2010 3:00 PM",,,,,,,,,,40,21,19,,,,,,,,,
"Dec 28, 2010 4:00 PM",,,,,,,,,,22,14,8,,,,,,,,,
"Dec 28, 2010 5:00 PM",,,,,,,,,,13,5,8,,,,,,,,,
"Dec 28, 2010 6:00 PM",,,,,,,,,,4,3,1,,,,,,,,,
"Dec 28, 2010 7:00 PM",,,,,,,,,,8,3,5,,,,,,,,,
"Dec 28, 2010 8:00 PM",,,,,,,,,,15,6,9,,,,,,,,,
"Dec 28, 2010 9:00 PM",,,,,,,,,,3,0,3,,,,,,,,,
"Dec 28, 2010 10:00 PM",,,,,,,,,,3,0,3,,,,,,,,,
"Dec 28, 2010 11:00 PM",,,,,,,,,,2,1,1,,,,,,,,,
"Dec 29, 2010 12:00 AM",,,,,,,,,,1,1,0,,,,,,,,,
"Dec 29, 2010 1:00 AM",,,,,,,,,,0,0,0,,,,,,,,,
"Dec 29, 2010 2:00 AM",,,,,,,,,,0,0,0,,,,,,,,,
"Dec 29, 2010 3:00 AM",,,,,,,,,,1,1,0,,,,,,,,,
"Dec 29, 2010 4:00 AM",,,,,,,,,,1,1,0,,,,,,,,,
"Dec 29, 2010 5:00 AM",,,,,,,,,,0,0,0,,,,,,,,,
"Dec 29, 2010 6:00 AM",,,,,,,,,,0,0,0,,,,,,,,,
"Dec 29, 2010 7:00 AM",,,,,,,,,,2,2,0,,,,,,,,,
"Dec 29, 2010 8:00 AM",,,,,,,,,,7,3,4,,,,,,,,,
"Dec 29, 2010 9:00 AM",,,,,,,,,,7,3,4,,,,,,,,,
"Dec 29, 2010 10:00 AM",,,,,,,,,,17,7,10,,,,,,,,,
"Dec 29, 2010 11:00 AM",,,,,,,,,,19,8,11,,,,,,,,,
"Dec 29, 2010 12:00 PM",,,,,,,,,,21,8,13,,,,,,,,,
"Dec 29, 2010 1:00 PM",,,,,,,,,,20,6,14,,,,,,,,,
"Dec 29, 2010 2:00 PM",,,,,,,,,,29,16,13,,,,,,,,,
"Dec 29, 2010 3:00 PM",,,,,,,,,,19,8,11,,,,,,,,,
"Dec 29, 2010 4:00 PM",,,,,,,,,,19,12,7,,,,,,,,,
"Dec 29, 2010 5:00 PM",,,,,,,,,,16,7,9,,,,,,,,,
"Dec 29, 2010 6:00 PM",,,,,,,,,,6,4,2,,,,,,,,,
"Dec 29, 2010 7:00 PM",,,,,,,,,,6,3,3,,,,,,,,,
"Dec 29, 2010 8:00 PM",,,,,,,,,,12,7,5,,,,,,,,,
"Dec 29, 2010 9:00 PM",,,,,,,,,,35,21,14,,,,,,,,,
"Dec 29, 2010 10:00 PM",,,,,,,,,,3,2,1,,,,,,,,,
"Dec 29, 2010 11:00 PM",,,,,,,,,,1,0,1,,,,,,,,,
"Dec 30, 2010 12:00 AM",,,,,,,,,,4,1,3,,,,,,,,,
"Dec 30, 2010 1:00 AM",,,,,,,,,,1,0,1,,,,,,,,,
"Dec 30, 2010 2:00 AM",,,,,,,,,,1,1,0,,,,,,,,,
"Dec 30, 2010 3:00 AM",,,,,,,,,,0,0,0,,,,,,,,,
"Dec 30, 2010 4:00 AM",,,,,,,,,,0,0,0,,,,,,,,,
"Dec 30, 2010 5:00 AM",,,,,,,,,,3,1,2,,,,,,,,,
"Dec 30, 2010 6:00 AM",,,,,,,,,,2,0,2,,,,,,,,,
"Dec 30, 2010 7:00 AM",,,,,,,,,,7,4,3,,,,,,,,,
"Dec 30, 2010 8:00 AM",,,,,,,,,,7,4,3,,,,,,,,,
"Dec 30, 2010 9:00 AM",,,,,,,,,,10,6,4,,,,,,,,,
"Dec 30, 2010 10:00 AM",,,,,,,,,,16,5,11,,,,,,,,,
"Dec 30, 2010 11:00 AM",,,,,,,,,,16,4,12,,,,,,,,,
"Dec 30, 2010 12:00 PM",,,,,,,,,,16,7,9,,,,,,,,,
"Dec 30, 2010 1:00 PM",,,,,,,,,,22,12,10,,,,,,,,,
"Dec 30, 2010 2:00 PM",,,,,,,,,,59,30,29,,,,,,,,,
"Dec 30, 2010 3:00 PM",,,,,,,,,,24,9,15,,,,,,,,,
"Dec 30, 2010 4:00 PM",,,,,,,,,,27,15,12,,,,,,,,,
"Dec 30, 2010 5:00 PM",,,,,,,,,,18,11,7,,,,,,,,,
"Dec 30, 2010 6:00 PM",,,,,,,,,,14,8,6,,,,,,,,,
"Dec 30, 2010 7:00 PM",,,,,,,,,,15,6,9,,,,,,,,,
"Dec 30, 2010 8:00 PM",,,,,,,,,,13,6,7,,,,,,,,,
"Dec 30, 2010 9:00 PM",,,,,,,,,,7,0,7,,,,,,,,,
"Dec 30, 2010 10:00 PM",,,,,,,,,,9,6,3,,,,,,,,,
"Dec 30, 2010 11:00 PM",,,,,,,,,,1,1,0,,,,,,,,,
"Dec 31, 2010 12:00 AM",,,,,,,,,,5,5,0,,,,,,,,,
"Dec 31, 2010 1:00 AM",,,,,,,,,,1,0,1,,,,,,,,,
"Dec 31, 2010 2:00 AM",,,,,,,,,,0,0,0,,,,,,,,,
"Dec 31, 2010 3:00 AM",,,,,,,,,,0,0,0,,,,,,,,,
"Dec 31, 2010 4:00 AM",,,,,,,,,,0,0,0,,,,,,,,,
"Dec 31, 2010 5:00 AM",,,,,,,,,,1,1,0,,,,,,,,,
"Dec 31, 2010 6:00 AM",,,,,,,,,,2,0,2,,,,,,,,,
"Dec 31, 2010 7:00 AM",,,,,,,,,,4,2,2,,,,,,,,,
"Dec 31, 2010 8:00 AM",,,,,,,,,,8,2,6,,,,,,,,,
"Dec 31, 2010 9:00 AM",,,,,,,,,,5,3,2,,,,,,,,,
"Dec 31, 2010 10:00 AM",,,,,,,,,,7,2,5,,,,,,,,,
"Dec 31, 2010 11:00 AM",,,,,,,,,,23,13,10,,,,,,,,,
"Dec 31, 2010 12:00 PM",,,,,,,,,,29,9,20,,,,,,,,,
"Dec 31, 2010 1:00 PM",,,,,,,,,,15,5,10,,,,,,,,,
"Dec 31, 2010 2:00 PM",,,,,,,,,,40,23,17,,,,,,,,,
"Dec 31, 2010 3:00 PM",,,,,,,,,,12,6,6,,,,,,,,,
"Dec 31, 2010 4:00 PM",,,,,,,,,,23,13,10,,,,,,,,,
"Dec 31, 2010 5:00 PM",,,,,,,,,,15,9,6,,,,,,,,,
"Dec 31, 2010 6:00 PM",,,,,,,,,,10,6,4,,,,,,,,,
"Dec 31, 2010 7:00 PM",,,,,,,,,,7,2,5,,,,,,,,,
"Dec 31, 2010 8:00 PM",,,,,,,,,,12,2,10,,,,,,,,,
"Dec 31, 2010 9:00 PM",,,,,,,,,,4,1,3,,,,,,,,,
"Dec 31, 2010 10:00 PM",,,,,,,,,,3,0,3,,,,,,,,,
"Dec 31, 2010 11:00 PM",,,,,,,,,,0,0,0,,,,,,,,,
